code,name,price,vol,trade_value,pe,industry,chip_ratio,value_billion,回檔%,今日漲幅%,chip_success
0050,元大台灣50,115.95,102872.428,11921576082,,其他,-15.58,119.22,0.17,2.79,1
0051,元大中型100,152.45,93.603,14220828,,其他,-1.03,0.14,0.0,1.04,1
0052,富邦科技,67.65,25481.014,1728150079,,其他,-2.97,17.28,0.66,2.58,1
0053,元大電子,263.0,219.47,57745671,,其他,-4.1,0.58,0.06,-0.06,1
0055,元大MSCI金融,48.95,967.128,47380640,,其他,5.47,0.47,4.96,0.31,1
0056,元大高股息,57.85,45449.253,2623948914,,其他,-3.79,26.24,1.38,0.35,1
0057,富邦摩台,343.65,49.863,17156849,,其他,0.0,0.17,0.33,0.48,1
0061,元大寶滬深,22.9,155.573,3567279,,其他,-6.43,0.04,5.45,-1.11,1
1101,台泥,25.0,35720.704,900036992,,其他,-2.89,9.0,6.37,-1.38,1
1102,亞泥,35.15,5154.626,181634068,9.71,其他,33.76,1.82,2.63,-1.26,1
1103,嘉泥,13.05,238.019,3119371,9.74,其他,-27.66,0.03,2.61,-1.14,1
1104,環泥,26.5,400.761,10639155,9.81,其他,-3.49,0.11,4.85,-0.19,1
1108,幸福,11.05,112.249,1247722,16.25,其他,8.91,0.01,5.15,-0.9,1
1109,信大,13.2,155.673,2059177,19.13,其他,-17.99,0.02,2.94,-0.38,1
1110,東泥,14.35,177.272,2574653,23.15,其他,-75.03,0.03,12.77,0.0,1
1201,味全,11.4,838.421,9627660,18.69,其他,-8.71,0.1,6.94,-1.3,1
1203,味王,42.5,32.731,1415449,20.24,其他,9.17,0.01,9.28,-0.93,1
1210,大成,51.6,1210.495,62154370,12.68,其他,-31.95,0.62,2.27,0.19,1
1213,大飲,7.2,2.1,14929,,其他,0.0,0.0,10.89,1.69,1
1215,卜蜂,104.0,668.999,69725508,11.98,其他,-9.12,0.7,7.14,-0.95,1
1216,統一,72.7,9833.552,716074706,17.56,其他,7.5,7.16,5.22,0.0,1
1217,愛之味,9.87,430.491,4267353,14.95,其他,-23.93,0.04,1.3,-0.7,1
1218,泰山,14.4,362.753,5239014,,其他,21.25,0.05,2.04,-0.35,1
1219,福壽,11.2,250.628,2826184,,其他,-24.28,0.03,4.68,-1.75,1
1220,台榮,10.95,118.393,1286987,156.43,其他,-6.21,0.01,1.35,1.39,1
1225,福懋油,24.35,123.202,3002447,115.95,其他,-93.35,0.03,5.44,0.62,1
1227,佳格,27.75,1406.884,39154981,17.24,其他,-33.62,0.39,3.81,-0.72,1
1229,聯華,39.65,2011.301,79990565,15.92,其他,-30.89,0.8,6.04,-0.87,1
1231,聯華食,78.5,697.762,54948601,15.89,其他,-16.19,0.55,3.09,-1.01,1
1232,大統益,153.5,59.672,9180273,17.0,其他,-30.6,0.09,2.54,0.0,1
1233,天仁,28.0,8.055,226344,30.43,其他,49.66,0.0,1.41,0.0,1
1234,黑松,32.4,175.757,5719634,19.76,其他,-14.79,0.06,3.57,-0.77,1
1235,興泰,30.8,35.792,1137300,,其他,5.59,0.01,23.38,-2.84,1
1236,宏亞,25.5,61.577,1584332,,其他,-13.27,0.02,3.59,-0.2,1
1256,鮮活果汁-KY,168.0,26.853,4512035,10.8,其他,-59.45,0.05,5.35,0.0,1
1301,台塑,68.5,24980.17,1718028068,41.77,其他,16.02,17.18,1.58,0.29,1
1303,南亞,286.0,90932.358,25292249616,46.13,其他,11.04,252.92,0.0,10.0,1
1304,台聚,12.6,1730.629,21797009,,其他,19.19,0.22,2.33,-0.79,1
1305,華夏,12.35,1223.237,15089534,,其他,23.75,0.15,1.98,-1.59,1
1307,三芳,30.85,1106.412,34130742,9.21,其他,10.61,0.34,2.22,-1.44,1
1308,亞聚,14.3,1079.725,15433884,,其他,32.71,0.15,3.38,-1.04,1
1309,台達化,14.05,1520.3,21341787,,其他,25.94,0.21,4.42,-1.75,1
1310,台苯,9.53,3452.484,32765952,,其他,10.56,0.33,1.95,-0.83,1
1312,國喬,14.5,7774.75,113969843,,其他,31.23,1.14,6.45,-1.69,1
1313,聯成,12.5,3462.792,43540603,,其他,10.66,0.44,3.1,-1.19,1
1314,中石化,8.67,46188.896,401584036,,其他,8.62,4.02,8.74,-3.13,1
1315,達新,68.7,84.771,5832191,28.16,其他,-25.95,0.06,0.43,0.15,1
1316,上曜,10.3,1940.23,20146195,,建材營建,14.9,0.2,8.44,-2.37,1
1319,東陽,77.8,1201.367,93646725,12.63,其他,31.85,0.94,6.27,-0.38,1
1321,大洋,32.3,67.063,2175346,248.46,其他,44.73,0.02,2.27,-0.15,1
1323,永裕,21.55,78.705,1690156,16.97,其他,7.62,0.02,1.6,1.41,1
1324,地球,9.91,60.618,601251,,其他,0.0,0.01,2.84,0.0,1
1325,恆大,25.7,182.302,4697621,,其他,-14.9,0.05,2.84,-0.96,1
1326,台化,71.6,27123.406,1944504979,30.34,其他,49.3,19.45,4.66,-0.14,1
1337,再生-KY,4.41,298.856,1321153,,其他,-1.34,0.01,5.57,-0.45,1
1338,廣華-KY,14.95,122.115,1827529,,其他,-1.7,0.02,7.14,-1.64,1
1339,昭輝,42.7,88.42,3772327,7.35,其他,-53.16,0.04,2.18,0.47,1
1340,勝悅-KY,5.22,100.973,526492,,其他,-138.65,0.01,0.95,0.19,1
1341,富林-KY,59.4,5.071,300074,12.07,其他,19.72,0.0,1.0,0.68,1
1342,八貫,99.8,152.371,15243955,14.12,其他,5.95,0.15,4.95,-0.2,1
1402,遠東新,27.75,6392.829,178132991,14.38,其他,22.26,1.78,4.97,-1.07,1
1409,新纖,25.3,24296.69,617154190,11.5,其他,12.86,6.17,5.77,1.4,1
1410,南染,24.05,41.948,1006054,32.95,其他,-14.3,0.01,4.75,0.42,1
1413,宏洲,9.1,18.388,168498,29.35,其他,27.19,0.0,5.7,-1.41,1
1414,東和,17.3,145.007,2489524,30.89,其他,-4.83,0.02,3.89,0.29,1
1416,廣豐,11.85,438.963,5171543,10.04,其他,-5.01,0.05,0.42,0.0,1
1417,嘉裕,8.12,201.612,1632226,15.92,其他,-2.29,0.02,2.29,-0.12,1
1418,東華,18.7,30.322,572692,,其他,0.0,0.01,4.59,1.63,1
1419,新紡,65.3,35.939,2352922,4.7,其他,0.0,0.02,4.81,-0.46,1
1423,利華,34.5,3.033,105103,10.12,其他,65.94,0.0,4.7,0.58,1
1432,大魯閣,14.95,64.767,969592,2.93,其他,13.9,0.01,1.32,0.0,1
1434,福懋,17.85,2063.293,37090733,19.4,其他,25.4,0.37,2.99,-1.92,1
1435,中福,21.5,11.3,245380,,其他,100.0,0.0,11.89,-0.23,1
1436,華友聯,35.6,166.293,5929727,12.62,建材營建,4.87,0.06,9.64,0.71,1
1437,勤益控,31.25,139.528,4376398,7.22,其他,-11.47,0.04,5.59,-0.95,1
1438,三地開發,21.5,53.017,1139242,8.3,建材營建,9.43,0.01,5.49,0.47,1
1439,雋揚,29.3,4.12,117265,9.54,建材營建,24.27,0.0,0.68,1.03,1
1440,南紡,13.4,3080.225,41719286,446.67,其他,1.57,0.42,4.29,0.75,1
1441,大東,9.81,26.755,265157,,其他,14.95,0.0,4.06,-0.1,1
1442,名軒,26.1,411.06,10817035,15.26,建材營建,-25.54,0.11,11.49,-2.25,1
1443,立益物流,23.05,13.277,305633,11.35,其他,90.38,0.0,4.95,0.88,1
1444,力麗,6.8,1425.235,9750092,,其他,-0.27,0.1,5.69,-1.73,1
1445,大宇,9.98,93.621,936450,,其他,16.02,0.01,6.29,-0.2,1
1446,宏和,13.35,74.766,1000910,14.2,其他,-4.11,0.01,3.96,-0.37,1
1447,力鵬,6.41,1099.224,7060912,,其他,-6.72,0.07,7.64,-1.99,1
1449,佳和,12.35,241.667,2984096,,其他,15.31,0.03,2.76,0.0,1
1451,年興,17.0,153.834,2612756,11.26,其他,-11.05,0.03,2.02,-0.29,1
1452,宏益,10.6,96.709,1030216,,其他,3.1,0.01,7.02,-0.93,1
1453,大將,10.9,56.122,609745,15.57,建材營建,8.91,0.01,3.96,-0.46,1
1454,台富,12.05,23.401,284153,,其他,25.64,0.0,6.95,-0.41,1
1455,集盛,9.87,869.674,8654488,18.62,其他,-9.98,0.09,2.28,-1.3,1
1456,怡華,14.85,77.001,1150013,5.12,建材營建,0.0,0.01,3.88,-1.66,1
1457,宜進,14.3,127.103,1833722,10.59,其他,-126.25,0.02,2.05,-0.35,1
1459,聯發,20.55,1209.062,24836336,7.97,其他,-4.56,0.25,0.0,9.89,1
1460,宏遠,6.12,339.464,2087360,,其他,-18.29,0.02,7.55,-1.29,1
1463,強盛新,17.5,18.892,328982,,其他,-238.2,0.0,3.05,0.29,1
1464,得力,9.93,239.425,2383184,11.96,其他,-24.78,0.02,2.17,-0.6,1
1465,偉全,11.65,78.15,913314,20.09,其他,-31.99,0.01,2.92,0.0,1
1466,聚隆,14.35,254.894,3660803,,其他,-0.39,0.04,11.96,-1.37,1
1467,南緯,8.22,595.167,4986018,31.62,其他,-34.28,0.05,5.84,-4.64,1
1468,昶和,13.15,428.0,5625150,14.78,其他,1.4,0.06,3.31,-0.38,1
1470,大統新創,24.1,7.01,171495,18.54,其他,57.06,0.0,3.02,-1.63,1
1471,首利,9.45,284.764,2705033,47.25,電子零組件業,-3.16,0.03,3.47,0.21,1
1472,三洋實業,86.9,65.041,5687996,13.58,建材營建,13.84,0.06,4.08,-0.69,1
1473,台南,19.1,141.586,2709312,54.57,其他,-40.96,0.03,5.21,-0.26,1
1474,弘裕,9.98,379.117,3734996,36.96,其他,2.11,0.04,5.85,0.0,1
1475,業旺,26.1,16.435,428560,6.71,其他,42.59,0.0,4.74,0.0,1
1476,儒鴻,278.5,1709.131,476161045,11.54,其他,33.72,4.76,11.87,0.18,1
1477,聚陽,197.5,2063.969,406136415,13.48,其他,50.65,4.06,1.0,2.86,1
1503,士電,196.0,899.353,177449489,27.0,其他,10.77,1.77,7.98,-0.51,1
1504,東元,69.0,4664.336,325333201,25.0,其他,50.93,3.25,5.35,-1.0,1
1506,正道,9.71,160.515,1567903,194.2,其他,-15.43,0.02,3.86,-1.02,1
1512,瑞利,6.22,22.075,138063,32.74,其他,27.18,0.0,2.2,0.81,1
1513,中興電,166.5,1909.857,319470968,18.73,其他,31.96,3.19,1.77,-0.6,1
1514,亞力,102.0,1071.327,109864681,27.95,其他,42.22,1.1,2.86,-0.49,1
1515,力山,28.7,870.056,25058728,19.26,其他,-1.03,0.25,9.18,-1.71,1
1516,川飛,13.75,52.387,711475,1375.0,其他,13.36,0.01,6.78,3.38,1
1517,利奇,10.25,392.844,4040924,,其他,-34.11,0.04,5.01,-0.97,1
1519,華城,691.0,1102.674,764683058,45.22,其他,4.66,7.65,12.09,-0.14,1
1521,大億,25.7,19.011,490630,16.16,其他,52.6,0.0,5.86,-0.39,1
1522,堤維西,25.75,419.256,10849410,26.82,其他,-24.09,0.11,5.16,-1.72,1
1524,耿鼎,25.8,358.666,9241179,12.65,其他,15.33,0.09,4.62,-0.19,1
1525,江申,63.3,3.531,224422,43.06,其他,100.0,0.0,4.95,-0.63,1
1526,日馳,14.85,65.7,971753,,其他,-22.83,0.01,6.31,-1.0,1
1527,鑽全,32.8,130.662,4286293,15.55,其他,-26.02,0.04,0.91,-0.61,1
1528,恩德,24.15,3564.709,87023522,,其他,-3.08,0.87,13.44,-2.42,1
1529,樂事綠能,15.65,770.075,12154144,24.08,其他,41.36,0.12,7.4,-2.49,1
1530,亞崴,26.7,23.766,637600,14.2,其他,100.0,0.01,8.4,0.19,1
1531,高林股,11.45,171.384,1971160,42.41,其他,-96.28,0.02,6.91,-0.43,1
1532,勤美,21.65,915.027,19884524,17.6,其他,-8.0,0.2,6.07,-2.04,1
1533,車王電,30.2,109.938,3326386,11.23,其他,12.73,0.03,5.48,-0.98,1
1535,中宇,45.3,26.97,1220891,11.98,其他,22.25,0.01,1.95,0.0,1
1536,和大,46.1,1113.558,51632249,,其他,18.51,0.52,7.8,-1.18,1
1537,廣隆,113.5,116.65,13254366,13.72,其他,0.86,0.13,2.99,-0.87,1
1538,正峰,8.13,1.591,12634,,其他,0.0,0.0,11.63,2.91,1
1539,巨庭,15.65,33.053,521230,18.63,其他,6.05,0.01,2.8,0.0,1
1540,喬福,18.95,183.756,3501255,15.53,其他,-8.71,0.04,4.77,-1.04,1
1541,錩泰,20.6,18.015,376365,7.63,其他,27.75,0.0,5.72,-1.2,1
1558,伸興,110.0,72.9,8075538,13.7,其他,44.91,0.08,3.51,-1.35,1
1560,中砂,1040.0,1227.306,1271654010,88.44,其他,8.97,12.72,1.89,2.46,1
1563,巧新,77.0,470.151,36261805,72.64,其他,100.0,0.36,13.29,0.92,1
1568,倉佑,31.45,368.279,11646568,16.64,其他,14.92,0.12,5.13,-1.87,1
1582,信錦,72.4,551.457,39806024,22.55,電子零組件業,-34.01,0.4,2.69,0.7,1
1583,程泰,45.7,14.0,640950,10.43,其他,28.57,0.01,7.4,-0.33,1
1587,吉茂,23.4,192.915,4537439,111.43,其他,-1.04,0.05,4.88,-1.89,1
1590,亞德客-KY,1180.0,561.654,667627800,22.67,其他,-3.32,6.68,16.9,0.0,1
1597,直得,145.5,1655.396,244488491,71.32,其他,-5.4,2.44,11.28,-1.69,1
1598,岱宇,20.35,162.747,3312010,,其他,-8.6,0.03,5.79,-0.73,1
1603,華電,30.35,179.461,5452852,10.88,其他,1.67,0.05,1.62,-0.82,1
1604,聲寶,23.25,154.777,3608593,13.29,其他,-5.1,0.04,1.9,0.0,1
1605,華新,38.4,23323.207,907260146,11.64,其他,10.98,9.07,2.78,-0.9,1
1608,華榮,35.85,1554.099,55970251,3.11,其他,31.66,0.56,4.4,-1.1,1
1609,大亞,38.2,3514.769,134839047,14.1,其他,43.01,1.35,2.8,-0.91,1
1611,中電,11.25,661.557,7465102,25.0,其他,-20.28,0.07,4.66,-0.88,1
1612,宏泰,35.0,389.026,13673661,8.97,其他,43.98,0.14,2.1,-0.57,1
1614,三洋電,30.85,74.561,2307856,24.48,其他,9.39,0.02,2.22,-0.48,1
1615,大山,42.25,92.209,3915179,8.17,其他,-77.0,0.04,5.06,-0.59,1
1616,億泰,18.3,302.548,5539507,41.59,其他,-0.99,0.06,5.67,-1.35,1
1617,榮星,24.1,6613.744,158389879,17.72,其他,5.83,1.58,8.88,0.0,1
1618,合機,38.9,303.551,11836694,8.02,其他,8.43,0.12,2.63,-0.64,1
1623,大東電,198.0,68.859,13656750,15.94,其他,-15.97,0.14,10.0,-0.25,1
1626,艾美特-KY,9.65,26.494,255967,,其他,49.07,0.0,3.4,0.0,1
1702,南僑,32.8,120.387,3963938,49.7,其他,30.13,0.04,3.53,-1.06,1
1707,葡萄王,84.6,359.919,30523253,10.92,其他,-16.56,0.31,7.74,-0.7,1
1708,東鹼,56.8,7899.714,448190541,13.75,其他,3.43,4.48,1.73,1.07,1
1709,和益,64.3,19250.83,1235486887,31.99,其他,0.55,12.35,0.0,9.91,1
1710,東聯,17.5,9000.978,157909655,,其他,-4.77,1.58,1.69,2.04,1
1711,永光,44.2,21865.293,983050656,340.0,其他,9.39,9.83,5.96,2.79,1
1712,興農,39.65,400.889,15904250,14.96,其他,9.23,0.16,3.29,-0.38,1
1713,國化,44.8,970.272,43860607,9.45,其他,0.32,0.44,3.24,4.92,1
1714,和桐,18.5,49600.892,906076772,15.68,其他,2.95,9.06,0.0,9.79,1
1717,長興,74.6,11553.798,867708486,39.26,其他,16.99,8.68,4.24,0.54,1
1718,中纖,11.15,42928.384,480179743,18.9,其他,0.43,4.8,3.88,3.72,1
1720,生達,55.8,305.488,17052149,9.7,其他,-9.2,0.17,1.24,-0.36,1
1721,國慶科技,27.55,3390.748,92857433,,其他,-41.28,0.93,1.61,0.73,1
1722,台肥,40.85,2959.615,121264890,48.63,其他,10.95,1.21,9.42,-0.73,1
1723,中碳,80.1,313.552,25226160,25.76,其他,25.33,0.25,6.86,-0.37,1
1725,元禎,34.15,398.416,13822321,13.94,其他,4.77,0.14,3.67,0.89,1
1726,永記,76.1,31.779,2424019,11.87,其他,31.47,0.02,2.69,-0.13,1
1727,中華化,117.5,22433.842,2702511579,170.29,其他,-18.36,27.03,9.62,-4.47,1
1730,花仙子,51.1,48.042,2458659,10.69,其他,-2.08,0.02,1.54,-0.2,1
1731,美吾華,20.8,91.388,1905200,13.77,其他,-5.47,0.02,1.42,0.0,1
1732,毛寶,26.0,41.014,1066363,21.14,其他,2.44,0.01,1.14,-0.38,1
1733,五鼎,30.15,111.959,3403254,15.87,其他,-89.32,0.03,7.23,-0.33,1
1734,杏輝,32.1,190.051,6087551,17.35,其他,-43.77,0.06,2.13,0.0,1
1735,日勝化,24.35,899.047,21675366,20.81,其他,-0.22,0.22,0.0,9.93,1
1736,喬山,124.0,738.952,91789315,11.21,其他,-27.34,0.92,7.12,0.4,1
1737,臺鹽,30.0,158.616,4764843,15.38,其他,-85.74,0.05,2.6,0.0,1
1752,南光,31.3,52.638,1658898,15.42,其他,-7.6,0.02,2.19,-0.48,1
1760,寶齡富錦,53.9,154.482,8344390,21.47,其他,19.42,0.08,4.94,-1.28,1
1762,中化生,33.7,32.699,1101936,,其他,-33.64,0.01,6.26,-0.15,1
1773,勝一,180.5,2509.063,447592906,22.51,其他,9.86,4.48,0.82,5.87,1
1776,展宇,18.4,60.455,1108483,20.22,其他,4.96,0.01,2.65,0.82,1
1783,和康生,36.9,32.749,1211249,11.35,其他,100.0,0.01,5.38,-0.4,1
1786,科妍,41.5,238.648,9999194,17.01,其他,32.68,0.1,12.63,-2.81,1
1789,神隆,18.5,346.126,6439191,370.0,其他,-3.85,0.06,6.8,-0.54,1
1795,美時,177.5,632.333,111707987,12.54,其他,-23.27,1.12,3.53,0.85,1
1802,台玻,59.3,23093.784,1391651459,68.95,其他,26.13,13.92,3.89,-0.34,1
1805,寶徠,9.96,39.845,397995,83.0,建材營建,-35.14,0.0,3.3,-0.2,1
1806,冠軍,7.88,141.256,1117833,49.25,其他,-16.99,0.01,2.48,-0.38,1
1808,潤隆,31.35,844.067,26443807,7.41,建材營建,-0.93,0.26,11.83,-0.79,1
1809,中釉,46.6,4735.06,221827285,233.0,其他,1.09,2.22,4.51,-2.0,1
1810,和成,23.7,1405.333,33496928,6.48,其他,-3.97,0.33,3.66,-1.04,1
1817,凱撒衛,39.75,15.504,617168,7.92,其他,0.0,0.01,1.97,-0.25,1
1903,士紙,47.05,142.154,6718201,34.6,其他,2.11,0.07,1.88,-0.63,1
1904,正隆,24.0,1408.636,33960496,11.06,其他,74.64,0.34,6.07,-0.83,1
1905,華紙,12.7,1783.533,22725127,,其他,-11.23,0.23,6.62,-1.17,1
1906,寶隆,10.6,53.031,569263,17.38,其他,-16.97,0.01,6.61,-0.47,1
1907,永豐餘,27.6,875.572,24207131,16.24,其他,5.36,0.24,8.61,-1.08,1
1909,榮成,10.0,2397.212,24170832,43.48,其他,9.51,0.24,9.91,-0.99,1
2002,中鋼,18.9,26859.457,507914169,,其他,-3.26,5.08,2.07,-0.53,1
2006,東和鋼鐵,85.8,723.099,62038971,11.39,其他,30.05,0.62,3.6,-0.92,1
2007,燁興,6.91,151.385,1052344,,其他,-7.27,0.01,1.99,-1.29,1
2008,高興昌,30.5,9.124,278895,47.66,其他,-21.92,0.0,3.17,0.0,1
2009,第一銅,39.2,1213.551,47755138,38.06,其他,19.87,0.48,6.33,-0.25,1
2010,春源,22.35,910.469,20466627,8.9,其他,4.28,0.2,3.25,-0.89,1
2012,春雨,14.2,40.269,575274,,其他,49.67,0.01,2.74,0.0,1
2013,中鋼構,41.1,29.632,1224542,12.57,其他,3.37,0.01,2.49,-0.72,1
2014,中鴻,16.85,2253.453,38283680,,其他,15.49,0.38,3.44,-1.46,1
2015,豐興,63.8,134.639,8639102,14.91,其他,88.61,0.09,2.15,0.0,1
2017,官田鋼,8.93,234.208,2099405,,其他,-43.55,0.02,3.35,-1.11,1
2020,美亞,25.25,4703.196,121584025,12.2,其他,-5.66,1.22,13.68,-6.13,1
2022,聚亨,7.26,164.872,1193932,,其他,-19.21,0.01,3.84,-0.68,1
2023,燁輝,13.8,691.501,9567665,,其他,35.53,0.1,2.82,-0.72,1
2024,志聯,13.15,4.305,56421,45.34,其他,69.69,0.0,2.23,-0.75,1
2025,千興,13.9,1647.73,23015999,10.78,其他,14.76,0.23,7.33,-2.8,1
2027,大成鋼,47.9,10667.229,517579025,9.45,其他,-0.9,5.18,5.34,-0.31,1
2028,威致,16.8,88.855,1492797,39.07,其他,-7.88,0.01,2.61,-0.3,1
2029,盛餘,21.8,407.904,8957376,18.17,其他,-4.31,0.09,4.39,-2.24,1
2030,彰源,36.9,10396.704,393059839,18.83,其他,4.21,3.93,7.75,-3.91,1
2031,新光鋼,45.8,586.929,27037161,7.09,其他,17.3,0.27,2.86,-1.82,1
2032,新鋼,19.0,2399.703,46190258,13.01,其他,5.42,0.46,9.52,-5.24,1
2033,佳大,51.0,7940.687,416222545,150.0,其他,2.14,4.16,9.41,-0.39,1
2034,允強,23.5,4692.948,112050572,55.95,其他,34.81,1.12,6.0,-2.08,1
2038,海光,12.65,315.836,4049108,,其他,-27.84,0.04,4.89,-2.32,1
2049,上銀,345.5,4839.198,1688906702,52.35,其他,-9.19,16.89,9.44,3.91,1
2059,川湖,13355.0,560.379,7320650105,73.63,電子零組件業,-23.35,73.21,5.95,9.96,1
2062,橋椿,17.9,124.114,2229615,63.93,其他,-23.37,0.02,3.5,-0.56,1
2069,運錩,24.8,1410.035,35724834,9.69,其他,36.13,0.36,9.98,-4.43,1
2072,世紀風電,129.0,370.954,48065204,8.73,其他,4.34,0.48,5.84,-3.01,1
2101,南港,28.7,7537.237,217258520,5.0,其他,3.26,2.17,9.32,-2.05,1
2102,泰豐,16.4,342.483,5647800,1.92,其他,-22.11,0.06,10.38,-2.09,1
2103,台橡,28.6,3703.862,105272316,11.49,其他,-19.86,1.05,1.38,1.6,1
2104,國際中橡,11.25,4890.748,54747450,,其他,9.53,0.55,3.43,2.27,1
2105,正新,30.15,4018.941,121844984,16.57,其他,-35.38,1.22,3.21,-0.99,1
2106,建大,16.5,744.91,12318979,35.11,其他,-11.48,0.12,5.17,-0.9,1
2107,厚生,27.1,258.578,6993614,14.34,其他,66.77,0.07,0.73,0.56,1
2108,南帝,28.1,570.162,16086901,15.79,其他,28.37,0.16,6.49,-0.53,1
2109,華豐,14.25,125.006,1791974,10.33,其他,6.79,0.02,2.73,-0.7,1
2114,鑫永銓,90.0,27.683,2490222,14.35,其他,7.22,0.02,0.33,0.0,1
2115,六暉-KY,23.9,30.511,729351,15.13,其他,6.56,0.01,3.04,0.0,1
2201,裕隆,28.35,3032.136,86610817,31.85,其他,18.53,0.87,9.28,-1.05,1
2204,中華,51.1,1690.168,86469801,8.32,其他,4.2,0.86,5.72,-1.16,1
2206,三陽工業,62.6,582.647,36401487,10.49,其他,72.26,0.36,3.1,-0.32,1
2207,和泰車,510.0,257.966,132510061,12.54,其他,28.89,1.33,6.93,-0.58,1
2208,台船,18.45,5573.0,103803866,37.65,航運業,5.69,1.04,6.35,-2.12,1
2211,長榮鋼,79.0,525.528,41627609,10.7,其他,-31.78,0.42,5.95,-0.5,1
2227,裕日車,44.2,27.75,1232079,,其他,39.33,0.01,8.49,-0.45,1
2228,劍麟,74.1,176.605,13100028,18.25,其他,-0.52,0.13,5.12,-1.07,1
2231,為升,92.2,280.099,25942096,,其他,-14.28,0.26,5.44,0.0,1
2233,宇隆,169.0,392.863,66729647,24.89,其他,-1.76,0.67,2.31,-0.59,1
2236,百達-KY,98.0,1011.719,101989139,,其他,89.75,1.02,24.03,-8.84,1
2237,華德動能-創,26.95,118.587,3209690,8.75,其他,16.02,0.03,4.6,0.56,1
2239,英利-KY,18.5,91.786,1703126,,其他,6.54,0.02,8.19,-2.37,1
2241,艾姆勒,46.05,4031.023,182142977,,其他,7.65,1.82,3.86,5.26,1
2243,宏旭-KY,54.5,957.618,49332885,51.9,其他,5.44,0.49,4.05,3.22,1
2247,汎德永業,226.0,21.221,4792762,16.31,其他,9.56,0.05,4.03,-0.44,1
2248,華勝-KY,60.7,31.409,1901021,8.4,其他,-3.18,0.02,2.57,-0.49,1
2250,IKKA-KY,55.2,64.92,3589029,21.15,其他,7.7,0.04,6.12,-1.08,1
2254,巨鎧精密-創,94.8,2187.298,206809916,,其他,40.12,2.07,0.21,0.53,1
2258,鴻華先進-創,30.5,623.609,19158264,,其他,9.15,0.19,6.01,-1.61,1
2301,光寶科,298.0,29984.591,8883116290,34.85,電腦及週邊設備業,-1.57,88.83,5.1,5.86,1
2302,麗正,49.85,16760.325,825189031,46.59,半導體業,-5.45,8.25,2.06,7.2,1
2303,聯電,152.5,328772.084,51160542375,22.93,半導體業,-19.11,511.61,9.5,-5.57,1
2305,全友,57.8,12758.509,743457331,70.49,電腦及週邊設備業,-30.07,7.43,20.28,-3.99,1
2308,台達電,2005.0,17838.513,35323157340,63.81,電子零組件業,7.26,353.23,0.25,6.37,1
2312,金寶,30.7,5703.898,176110621,25.8,其他電子業,-44.44,1.76,7.95,-0.49,1
2313,華通,248.5,51436.246,12518539148,40.02,電子零組件業,42.12,125.19,3.68,9.96,1
2314,台揚,11.1,86.999,959166,,通信網路業,0.0,0.01,5.93,0.91,1
2316,楠梓電,171.5,2621.525,452754055,11.98,電子零組件業,-4.96,4.53,2.56,0.59,1
2317,鴻海,254.0,52629.375,13397868878,16.74,其他電子業,-40.14,133.98,1.93,1.2,1
2321,東訊,25.35,36.405,927524,633.75,通信網路業,0.0,0.01,8.19,-1.93,1
2324,仁寶,35.8,43703.092,1575970053,17.99,電腦及週邊設備業,-7.28,15.76,13.94,-1.1,1
2327,國巨*,626.0,67379.604,43058996053,42.15,電子零組件業,-3.85,430.59,4.86,0.0,1
2328,廣宇,48.3,2608.301,126055088,112.33,電子零組件業,2.37,1.26,0.51,0.73,1
2329,華泰,45.0,4115.875,187338129,20.09,半導體業,15.85,1.87,2.7,0.0,1
2330,台積電,2575.0,26800.187,68799148330,29.85,半導體業,-5.66,687.99,0.19,3.0,1
2331,精英,18.8,933.57,17738475,18.61,電腦及週邊設備業,-6.96,0.18,5.53,-1.31,1
2332,友訊,20.15,7145.358,145404008,,通信網路業,12.53,1.45,4.73,-1.47,1
2337,旺宏,121.5,24536.381,2964854358,28.79,半導體業,-1.63,29.65,6.54,-0.41,1
2338,光罩,48.2,7682.582,377060728,,半導體業,4.84,3.77,11.56,-2.92,1
2340,台亞,50.3,21474.354,1065391303,,半導體業,-6.57,10.65,0.0,9.95,1
2342,茂矽,49.4,10795.983,543489534,,半導體業,8.97,5.43,6.79,-3.7,1
2344,華邦電,181.0,90976.614,16225709097,19.96,半導體業,-3.87,162.26,5.73,1.12,1
2345,智邦,2075.0,6386.76,13202826075,32.6,通信網路業,-4.54,132.03,3.71,5.6,1
2347,聯強,97.0,3056.33,297678213,13.27,電子通路業,20.57,2.98,3.0,-0.1,1
2348,海悅,69.9,467.879,32725826,16.68,其他,7.91,0.33,11.52,-0.99,1
2349,錸德,10.35,2015.466,20955647,,光電業,-5.12,0.21,7.17,-1.43,1
2351,順德,222.0,6037.296,1341609003,56.78,半導體業,0.53,13.42,13.62,4.96,1
2352,佳世達,28.95,4972.3,145343705,37.6,電腦及週邊設備業,-5.46,1.45,3.34,-0.86,1
2353,宏碁,31.4,12041.524,380475985,18.69,電腦及週邊設備業,-15.45,3.8,4.99,0.0,1
2354,鴻準,64.4,14939.25,977925113,27.29,其他電子業,-16.3,9.78,7.34,-1.98,1
2355,敬鵬,44.65,6816.305,302113545,23.5,電子零組件業,-6.14,3.02,0.78,3.12,1
2356,英業達,58.3,15023.218,883631315,18.81,電腦及週邊設備業,-9.58,8.84,14.52,-1.19,1
2357,華碩,995.0,2807.714,2776109183,14.55,電腦及週邊設備業,10.47,27.76,2.93,3.43,1
2359,所羅門,127.0,2334.175,300730162,18.93,其他電子業,-5.87,3.01,11.81,-1.17,1
2360,致茂,2325.0,2976.742,6869753915,59.31,其他電子業,3.98,68.7,8.46,6.16,1
2362,藍天,46.25,629.435,29360315,7.61,電腦及週邊設備業,-2.7,0.29,6.47,-0.86,1
2363,矽統,59.6,10146.062,616409236,110.37,半導體業,3.95,6.16,6.14,-4.49,1
2364,倫飛,64.8,177.005,11489650,10.95,電腦及週邊設備業,-23.73,0.11,6.09,-1.07,1
2365,昆盈,28.0,1067.201,30079931,50.91,電腦及週邊設備業,-3.46,0.3,6.35,-1.41,1
2367,燿華,49.65,31483.475,1510359309,,電子零組件業,-14.65,15.1,0.0,9.97,1
2368,金像電,1215.0,7237.447,8687803105,43.61,電子零組件業,34.15,86.88,0.0,9.95,1
2369,菱生,31.6,4075.64,129997806,,半導體業,18.29,1.3,5.95,-1.1,1
2371,大同,30.15,18642.408,572413979,,其他,5.98,5.72,4.59,-3.05,1
2373,震旦行,52.5,22.288,1170515,14.04,其他電子業,100.0,0.01,2.42,0.19,1
2374,佳能,66.5,1735.142,116304240,20.52,光電業,-16.93,1.16,6.34,-0.89,1
2375,凱美,126.0,3717.848,473202716,30.29,電子零組件業,9.53,4.73,3.45,0.0,1
2376,技嘉,388.5,11355.878,4399796022,14.54,電腦及週邊設備業,-8.19,44.0,1.4,4.02,1
2377,微星,155.0,7044.488,1105604972,13.44,電腦及週邊設備業,-1.99,11.06,5.49,0.0,1
2379,瑞昱,755.0,2088.058,1576101178,27.37,半導體業,25.72,15.76,4.91,0.13,1
2380,虹光,16.6,51.667,863394,,電腦及週邊設備業,7.74,0.01,13.77,-1.48,1
2382,廣達,331.0,14036.243,4660949065,14.42,電腦及週邊設備業,17.58,46.61,5.83,-0.3,1
2383,台光電,5700.0,1316.051,7478860700,89.13,電子零組件業,94.95,74.79,0.0,9.93,1
2385,群光,105.0,4126.425,434904388,11.78,電子零組件業,26.19,4.35,5.83,0.48,1
2387,精元,36.15,303.009,10975798,12.13,電腦及週邊設備業,-27.0,0.11,3.47,-0.96,1
2388,威盛,71.8,2743.696,199195129,44.88,半導體業,-29.96,1.99,13.49,-1.91,1
2390,云辰,10.05,500.084,5035676,,其他電子業,-40.79,0.05,2.9,-0.99,1
2392,正崴,41.55,2111.669,88595821,5.35,電子零組件業,-9.47,0.89,10.26,0.36,1
2393,億光,67.0,3705.329,247569408,14.29,光電業,8.56,2.48,1.33,2.45,1
2395,研華,740.0,2579.224,1909181486,46.87,電腦及週邊設備業,-0.08,19.09,1.86,3.35,1
2397,友通,64.4,548.548,35847162,23.59,電腦及週邊設備業,11.89,0.36,3.59,1.26,1
2399,映泰,48.6,9795.241,484444322,12.24,電腦及週邊設備業,19.73,4.84,6.36,-5.08,1
2401,凌陽,26.65,6369.118,173035083,266.5,半導體業,14.48,1.73,4.82,-2.38,1
2402,毅嘉,59.0,2105.761,124385138,35.33,電子零組件業,23.05,1.24,1.5,-0.17,1
2404,漢唐,1310.0,1938.856,2530834525,19.76,其他電子業,31.57,25.31,3.32,1.95,1
2405,輔信,15.15,1245.035,18964141,,電腦及週邊設備業,13.24,0.19,3.5,-1.3,1
2406,國碩,31.45,9148.067,287098818,174.72,光電業,-11.1,2.87,1.72,0.8,1
2408,南亞科,530.0,42326.713,22229040725,20.57,半導體業,0.73,222.29,1.85,0.76,1
2409,友達,39.05,965082.115,39398949082,162.71,光電業,-9.02,393.99,10.33,-3.46,1
2412,中華電,145.5,8515.486,1239700787,28.59,通信網路業,35.85,12.4,1.02,-0.34,1
2413,環科,55.3,8344.142,454221964,14.75,電子零組件業,-16.57,4.54,5.31,5.74,1
2414,精技,53.1,147.039,7789907,12.92,電子通路業,42.78,0.08,0.75,0.57,1
2415,錩新,27.9,181.279,5023599,17.77,電子零組件業,100.0,0.05,3.12,1.82,1
2417,圓剛,38.5,520.001,20169328,27.7,電腦及週邊設備業,-1.92,0.2,7.78,-1.28,1
2419,仲琦,27.6,3182.143,88204778,690.0,通信網路業,1.64,0.88,9.95,-5.8,1
2420,新巨,57.7,413.342,24115780,12.91,電子零組件業,-8.44,0.24,3.03,-0.86,1
2421,建準,169.5,3627.253,615899818,18.23,電子零組件業,9.56,6.16,5.04,2.11,1
2423,固緯,72.6,84.325,6150240,17.2,其他電子業,-20.16,0.06,5.1,1.11,1
2424,隴華,8.6,43.424,373366,,通信網路業,-9.21,0.0,3.15,2.14,1
2425,承啟,37.25,523.513,19658717,20.93,電腦及週邊設備業,12.11,0.2,3.62,-1.97,1
2426,鼎元,114.0,27454.253,3091489342,1140.0,光電業,-23.26,30.91,0.0,9.62,1
2427,三商電,22.8,848.121,19498574,16.06,資訊服務業,8.51,0.19,7.13,-2.56,1
2428,興勤,262.0,1269.811,336639635,18.62,電子零組件業,6.49,3.37,2.78,-0.38,1
2429,銘旺科,30.05,377.825,11412042,,光電業,5.03,0.11,6.68,-1.96,1
2430,燦坤,17.5,53.359,944025,35.71,電子通路業,7.5,0.01,4.11,-2.51,1
2431,聯昌,10.0,73.877,741727,,電子零組件業,12.18,0.01,3.85,-1.48,1
2432,倚天酷碁-創,27.7,16.296,450499,12.59,電腦及週邊設備業,12.27,0.0,1.42,0.54,1
2433,互盛電,40.0,32.447,1297277,13.29,其他電子業,6.16,0.01,4.19,0.0,1
2434,統懋,61.2,430.5,26924288,,半導體業,1.07,0.27,16.16,-2.86,1
2436,偉詮電,73.2,7263.426,544960673,13.46,半導體業,27.91,5.45,5.55,-3.68,1
2438,翔耀,20.1,101.117,1978168,,光電業,23.73,0.02,9.87,0.5,1
2439,美律,75.3,1528.057,115322123,13.74,通信網路業,27.27,1.15,5.04,-0.53,1
2440,太空梭,14.5,294.607,4275449,103.57,電子零組件業,-43.11,0.04,5.23,-0.34,1
2441,超豐,124.0,3434.661,430527246,22.96,半導體業,24.4,4.31,5.7,-1.98,1
2442,新美齊,14.0,1307.835,18344593,2.76,建材營建,-16.21,0.18,13.19,-1.41,1
2444,兆勁,16.2,5517.237,91827065,,通信網路業,-9.17,0.92,8.99,-1.82,1
2449,京元電子,294.0,18711.413,5560098682,38.53,半導體業,-16.22,55.6,10.91,-0.51,1
2450,神腦,28.15,111.053,3135627,17.38,通信網路業,-144.98,0.03,1.05,-0.18,1
2451,創見,289.5,1846.095,533893474,5.04,半導體業,-78.92,5.34,1.53,-0.17,1
2453,凌群,53.2,215.572,11516835,16.84,資訊服務業,-1.35,0.12,5.34,-0.56,1
2454,聯發科,5165.0,7580.538,38606572956,85.3,半導體業,-62.99,386.07,5.75,4.34,1
2455,全新,606.0,2369.279,1411804426,148.53,通信網路業,-78.79,14.12,0.16,4.48,1
2457,飛宏,22.2,1005.382,22482885,,電子零組件業,3.11,0.22,3.48,-1.11,1
2458,義隆,134.0,3162.45,421748936,12.45,半導體業,1.22,4.22,3.94,-2.9,1
2459,敦吉,64.9,104.965,6814958,11.61,其他電子業,-21.91,0.07,2.84,0.15,1
2460,建通,30.5,236.341,7215204,,電子零組件業,-11.77,0.07,9.36,-0.97,1
2461,光群雷,16.95,545.276,9330515,38.52,其他電子業,-1.47,0.09,8.13,-2.31,1
2462,良得電,20.7,946.938,19274579,33.93,電子零組件業,-15.73,0.19,2.36,4.55,1
2464,盟立,191.0,23185.762,4580093526,502.63,其他電子業,-5.5,45.8,10.33,-2.3,1
2465,麗臺,90.9,1502.24,138465465,33.54,電腦及週邊設備業,4.04,1.38,15.05,-2.15,1
2466,冠西電,155.0,4574.285,692280844,98.73,光電業,-2.96,6.92,0.0,9.93,1
2467,志聖,577.0,1316.432,756656489,57.58,電子零組件業,0.5,7.57,9.42,4.53,1
2468,華經,41.5,4568.867,193477013,30.51,資訊服務業,3.25,1.93,16.08,-8.49,1
2471,資通,50.7,221.987,11306339,10.48,資訊服務業,20.8,0.11,6.11,-1.36,1
2472,立隆電,227.0,3396.416,783502330,23.12,電子零組件業,4.43,7.84,4.42,-0.87,1
2474,可成,207.0,1470.531,304142179,13.77,其他電子業,-14.3,3.04,2.82,0.0,1
2476,鉅祥,128.5,1813.978,230554025,20.89,電子零組件業,37.43,2.31,0.0,1.98,1
2477,美隆電,22.65,44.133,1004172,25.74,其他電子業,-75.67,0.01,3.41,-0.44,1
2478,大毅,126.5,4763.714,611523429,26.03,電子零組件業,9.86,6.12,4.17,-0.39,1
2480,敦陽科,166.5,779.252,128547686,19.01,資訊服務業,21.37,1.29,2.06,3.1,1
2481,強茂,180.5,55982.783,10408591354,47.88,半導體業,-11.77,104.09,5.74,3.44,1
2482,連宇,16.3,102.739,1675744,,其他電子業,-123.6,0.02,2.98,0.62,1
2483,百容,40.7,3931.69,155442445,162.8,電子零組件業,-30.23,1.55,0.0,10.0,1
2484,希華,86.4,34032.579,3034548880,62.16,電子零組件業,-3.92,30.35,8.86,-0.12,1
2485,兆赫,44.6,18380.592,805159898,50.68,通信網路業,-47.31,8.05,1.55,7.99,1
2486,一詮,247.0,4968.816,1237315003,212.93,光電業,-22.84,12.37,7.14,0.82,1
2488,漢平,48.95,48.661,2374752,10.05,其他電子業,16.44,0.02,1.71,0.2,1
2489,瑞軒,40.4,16344.152,666943351,29.06,光電業,6.57,6.67,11.21,-1.82,1
2491,吉祥全,40.05,1098.103,44365962,1.25,光電業,20.76,0.44,9.9,-3.38,1
2492,華新科,368.5,95779.681,36247880780,41.4,電子零組件業,1.63,362.48,6.94,1.94,1
2493,揚博,208.0,3344.745,685314118,39.77,電子零組件業,1.5,6.85,1.42,5.85,1
2495,普安,38.45,1018.022,39399317,18.94,電腦及週邊設備業,11.6,0.39,4.35,0.13,1
2496,卓越,54.8,16.811,919995,9.1,其他,5.95,0.01,2.14,-0.54,1
2497,怡利電,44.05,227.595,10049126,13.81,其他,-20.21,0.1,3.5,0.0,1
2498,宏達電,42.05,6643.82,283030793,16.24,通信網路業,-0.84,2.83,10.25,-1.98,1
2501,國建,20.35,4573.493,93720751,7.09,建材營建,-17.4,0.94,10.94,-2.4,1
2504,國產,30.95,2068.731,63595982,9.7,建材營建,-18.82,0.64,2.06,0.98,1
2505,國揚,17.0,673.687,11359602,8.59,建材營建,-4.36,0.11,4.23,0.0,1
2506,太設,8.38,141.707,1185702,23.28,建材營建,-23.99,0.01,4.12,0.0,1
2509,全坤建,13.95,157.661,2209439,,建材營建,-41.86,0.02,10.0,-1.06,1
2511,太子,8.25,852.278,7042588,23.57,建材營建,-31.68,0.07,4.29,-0.36,1
2514,龍邦,11.25,116.391,1319577,28.85,其他,-12.89,0.01,5.06,-0.88,1
2515,中工,11.8,4658.417,55131522,24.58,建材營建,-13.34,0.55,5.6,-0.84,1
2516,新建,14.85,190.05,2847451,9.9,建材營建,-121.02,0.03,5.11,-1.33,1
2520,冠德,36.65,812.445,29750762,10.91,建材營建,10.96,0.3,7.45,-0.81,1
2524,京城,33.65,103.064,3493220,41.04,建材營建,10.67,0.03,10.27,-1.9,1
2527,宏璟,51.8,1783.278,92895814,9.1,建材營建,-19.42,0.93,2.81,4.54,1
2528,皇普,19.05,611.674,11651911,7.74,建材營建,-9.36,0.12,7.75,-1.04,1
2530,華建,19.85,859.79,17079578,30.08,建材營建,-3.52,0.17,6.59,-1.0,1
2534,宏盛,16.55,306.564,5098600,331.0,建材營建,-12.72,0.05,4.61,-0.9,1
2535,達欣工,88.3,282.947,24958445,8.65,建材營建,8.49,0.25,3.92,-0.23,1
2536,宏普,18.35,695.345,12800260,4.42,建材營建,-7.44,0.13,8.48,-2.39,1
2537,聯上發,10.9,2215.567,24177858,27.25,建材營建,-2.35,0.24,9.92,-1.36,1
2538,基泰,8.67,651.642,5707356,14.45,建材營建,-32.9,0.06,3.67,-2.25,1
2539,櫻花建,33.5,1734.846,58306555,7.96,建材營建,-4.6,0.58,7.2,-1.47,1
2540,愛山林,47.45,501.65,23969022,,建材營建,14.63,0.24,12.13,-1.45,1
2542,興富發,38.05,11966.35,456839997,8.81,建材營建,4.39,4.57,14.68,-1.81,1
2543,皇昌,38.05,850.025,32424852,13.17,建材營建,-7.12,0.32,5.82,-0.78,1
2545,皇翔,34.0,154.729,5285895,35.79,建材營建,-61.76,0.05,6.08,0.15,1
2546,根基,106.0,132.066,14040738,7.09,建材營建,4.82,0.14,2.75,0.95,1
2547,日勝生,9.66,2078.97,20119307,80.5,建材營建,-19.53,0.2,4.83,-1.02,1
2548,華固,91.5,1389.17,127435995,7.4,建材營建,-25.53,1.27,7.2,-1.08,1
2597,潤弘,163.5,358.943,58917031,14.02,建材營建,8.08,0.59,6.57,-1.21,1
2601,益航,6.45,8488.264,54496294,,航運業,-22.07,0.54,21.53,-8.65,1
2603,長榮,234.5,9022.467,2126958989,9.3,航運業,10.24,21.27,4.48,-2.29,1
2605,新興,35.15,5673.765,200011926,7.17,航運業,100.0,2.0,9.06,-1.68,1
2606,裕民,74.3,2327.013,173888468,10.96,航運業,39.83,1.74,9.06,-2.11,1
2607,榮運,53.2,215.273,11477710,10.62,航運業,84.55,0.11,1.48,-0.56,1
2608,嘉里大榮,28.7,174.204,5012666,14.95,航運業,-22.96,0.05,2.05,-0.35,1
2609,陽明,58.7,13578.075,800375322,13.22,航運業,37.44,8.0,6.97,-1.68,1
2610,華航,20.1,13717.252,277028554,9.31,航運業,-22.96,2.77,2.66,-1.23,1
2611,志信,15.2,2301.61,34883822,8.59,航運業,0.8,0.35,2.88,6.29,1
2612,中航,61.6,266.613,16482913,11.96,航運業,74.07,0.16,7.09,-2.07,1
2613,中櫃,21.85,287.076,6289520,16.43,航運業,-42.52,0.06,5.41,-1.35,1
2614,東森,19.1,4823.107,91320840,9.32,其他,-60.02,0.91,3.05,-0.78,1
2615,萬海,110.5,7837.69,875083381,7.59,航運業,-11.46,8.75,11.6,-2.21,1
2616,山隆,13.15,151.71,2001207,,其他,-3.3,0.02,2.59,-0.38,1
2617,台航,32.1,1352.313,43348011,8.63,航運業,26.02,0.43,7.63,1.74,1
2618,長榮航,41.9,9545.947,401585447,8.82,航運業,-2.99,4.02,3.01,-1.06,1
2630,亞航,46.15,757.915,35124001,80.96,航運業,-8.31,0.35,9.33,-1.39,1
2633,台灣高鐵,25.65,2987.577,76784126,21.02,航運業,-55.53,0.77,2.1,-0.39,1
2634,漢翔,64.6,10287.198,673085624,31.21,航運業,2.14,6.73,4.86,-2.12,1
2636,台驊控股,70.2,247.581,17422792,9.97,航運業,-14.92,0.17,2.9,-0.85,1
2637,慧洋-KY,97.7,1186.635,116652097,10.87,航運業,59.2,1.17,6.95,-1.11,1
2642,宅配通,20.15,49.091,991362,,航運業,4.07,0.01,3.12,-0.49,1
2645,長榮航太,172.0,1203.973,207656220,21.94,航運業,-4.11,2.08,4.18,-0.86,1
2646,星宇航空,20.05,2990.124,60044523,,航運業,-29.33,0.6,8.45,-0.25,1
2701,萬企,10.2,50.718,520114,17.29,其他,11.83,0.01,2.86,-0.49,1
2702,華園,12.1,32.446,395419,14.94,其他,27.74,0.0,6.56,-0.82,1
2704,國賓,44.6,110.107,4936051,16.77,其他,-43.5,0.05,3.67,-0.78,1
2705,六福,15.05,156.137,2351542,20.34,其他,-14.09,0.02,5.05,-0.33,1
2706,第一店,12.05,97.903,1185778,17.72,其他,1.02,0.01,1.63,-0.41,1
2707,晶華,174.5,90.736,15871740,12.08,其他,-19.84,0.16,3.06,-0.29,1
2712,遠雄來,13.4,21.696,288664,,其他,32.26,0.0,8.22,0.0,1
2722,夏都,21.55,88.637,1917557,,其他,5.64,0.02,2.27,0.94,1
2723,美食-KY,76.3,176.419,13528860,,其他,5.67,0.14,8.95,-1.29,1
2727,王品,233.5,180.906,42157955,12.97,其他,19.31,0.42,1.06,-0.21,1
2731,雄獅,144.5,300.434,43100764,8.89,其他,-11.32,0.43,0.34,0.7,1
2739,寒舍,36.25,57.729,2093136,9.0,其他,-17.32,0.02,5.48,0.28,1
2748,雲品,38.6,65.921,2563643,15.2,其他,-16.69,0.03,3.26,-1.03,1
2753,八方雲集,183.5,89.516,16415354,13.08,其他,8.02,0.16,0.81,-0.81,1
2762,世界健身-KY,78.5,67.308,5295193,11.93,其他,-4.46,0.05,5.31,-0.13,1
2801,彰銀,27.2,17748.735,486559788,16.0,金融保險,-4.36,4.87,8.57,-1.45,1
2812,台中銀,18.55,30228.393,561874929,11.04,金融保險,-0.4,5.62,5.12,-1.07,1
2816,旺旺保,39.7,232.518,9263369,3.45,金融保險,-2.96,0.09,4.11,0.0,1
2820,華票,16.6,2720.467,45243829,9.82,金融保險,6.17,0.45,5.68,-0.6,1
2832,台產,56.3,143.135,8110632,9.37,金融保險,-44.97,0.08,5.7,-0.71,1
2834,臺企銀,17.3,33527.891,582331314,12.72,金融保險,-11.8,5.82,7.98,-0.86,1
2836,高雄銀,11.95,1644.556,19735382,15.72,金融保險,-6.25,0.2,5.16,-0.42,1
2838,聯邦銀,20.2,2373.119,48128900,12.95,金融保險,-9.44,0.48,7.76,-0.98,1
2845,遠東銀,12.8,10729.471,137903795,12.67,金融保險,-4.88,1.38,7.58,-0.78,1
2849,安泰銀,15.55,157.377,2488182,16.03,金融保險,-67.35,0.02,4.6,1.3,1
2850,新產,159.5,155.142,24645425,10.38,金融保險,14.83,0.25,2.15,0.63,1
2851,中再保,45.6,1358.935,62451430,4.32,金融保險,41.23,0.62,5.98,-0.76,1
2852,第一保,27.5,354.635,9746375,8.44,金融保險,-100.67,0.1,3.34,0.0,1
2855,統一證,58.2,3174.08,185108824,6.04,金融保險,20.23,1.85,2.51,1.04,1
2880,華南金,44.6,8539.351,384494449,19.31,金融保險,29.7,3.84,7.66,-0.56,1
2881,富邦金,152.0,11116.444,1689836165,14.21,金融保險,12.51,16.9,2.88,1.0,1
2882,國泰金,111.5,13948.307,1563234688,13.15,金融保險,10.56,15.63,4.7,0.0,1
2883,凱基金,37.3,33641.657,1263204810,13.04,金融保險,16.6,12.63,8.58,-0.13,1
2884,玉山金,44.8,19596.079,883232618,18.59,金融保險,28.67,8.83,5.39,-1.21,1
2885,元大金,68.2,14141.135,963265465,15.97,金融保險,55.24,9.63,4.88,2.1,1
2886,兆豐金,48.55,13947.129,680042507,18.89,金融保險,50.5,6.8,8.22,-0.61,1
2887,台新新光金,40.85,36545.158,1496984351,15.13,金融保險,7.82,14.97,8.82,0.74,1
2889,國票金,16.0,11287.069,180645306,13.11,金融保險,7.94,1.81,8.57,-0.62,1
2890,永豐金,44.05,17577.071,782399225,16.62,金融保險,28.25,7.82,4.96,0.0,1
2891,中信金,67.4,16418.201,1112016772,16.12,金融保險,65.43,11.12,6.39,0.15,1
2892,第一金,38.05,13117.827,503405820,17.78,金融保險,28.02,5.03,7.08,-1.3,1
2897,王道銀行,10.6,5029.399,53434179,13.25,金融保險,1.85,0.53,6.61,-0.93,1
2901,欣欣,25.0,41.82,1049916,56.82,其他,-7.17,0.01,6.72,-0.2,1
2903,遠百,21.75,1376.393,29987528,14.6,其他,-22.67,0.3,3.76,-0.23,1
2904,匯僑,12.55,10.547,132260,24.13,其他,18.96,0.0,2.33,-0.4,1
2905,三商,17.65,564.81,10019413,6.51,其他,-10.18,0.1,7.11,-0.84,1
2906,高林,13.25,102.545,1364517,15.96,其他,-11.7,0.01,6.03,-1.12,1
2908,特力,22.2,305.331,6768120,18.05,其他,-32.67,0.07,1.77,0.45,1
2910,統領,23.35,6.341,148795,12.76,其他,100.0,0.0,4.3,0.65,1
2911,麗嬰房,6.04,79.779,482443,1.52,其他,-156.68,0.0,8.48,0.5,1
2912,統一超,211.0,1150.568,242656285,19.01,其他,14.96,2.43,3.65,0.24,1
2913,農林,10.9,1482.844,16234971,,其他,3.1,0.16,2.68,-0.91,1
2915,潤泰全,56.9,1581.273,90306102,4.09,其他,26.24,0.9,5.79,-1.04,1
2923,鼎固-KY,24.25,120.263,2987326,,建材營建,-71.51,0.03,14.16,1.25,1
2929,淘帝-KY,5.81,138.005,806479,,其他,-128.98,0.01,5.53,0.17,1
2939,永邑-KY,23.45,102.002,2402245,,其他,-9.8,0.02,1.88,3.99,1
2945,三商家購,39.95,8.333,332847,21.71,其他,12.0,0.0,2.56,-0.12,1
3002,歐格,19.2,290.402,5640716,192.0,電腦及週邊設備業,-1.72,0.06,10.07,-2.54,1
3003,健和興,59.8,559.712,33655217,24.11,電子零組件業,-16.36,0.34,8.0,-0.33,1
3004,豐達科,120.5,718.084,87494505,18.74,其他,4.78,0.87,3.6,-0.82,1
3005,神基,117.0,1213.174,141890931,13.9,電腦及週邊設備業,94.36,1.42,2.5,-0.43,1
3006,晶豪科,282.0,14449.344,4019461414,8.89,半導體業,-17.04,40.19,11.6,-1.23,1
3008,大立光,6730.0,2621.621,17633444790,35.79,光電業,-8.12,176.33,6.33,7.0,1
3010,華立,130.0,992.474,129265386,11.62,電子通路業,22.11,1.29,1.14,1.56,1
3011,今皓,9.8,349.326,3420006,,電子零組件業,-28.91,0.03,4.39,-0.71,1
3013,晟銘電,93.0,2856.53,266276417,17.82,電腦及週邊設備業,3.68,2.66,1.59,0.32,1
3014,聯陽,146.5,5400.354,786382163,14.8,半導體業,1.19,7.86,0.34,2.81,1
3015,全漢,53.8,304.599,16509690,21.18,電子零組件業,37.83,0.17,2.89,-1.1,1
3016,嘉晶,181.5,5285.84,966958123,151.25,半導體業,26.35,9.67,4.22,0.55,1
3017,奇鋐,3585.0,4606.753,16355725100,47.79,電腦及週邊設備業,8.79,163.56,2.85,4.22,1
3018,隆銘綠能,11.95,54.862,643200,,其他電子業,5.47,0.01,4.02,-0.42,1
3019,亞光,141.5,4707.577,667236232,23.86,光電業,8.32,6.67,2.75,1.8,1
3021,鴻名,27.75,754.958,21160776,36.51,電子零組件業,-15.63,0.21,10.48,-1.6,1
3022,威強電,92.0,747.817,68790657,12.22,電腦及週邊設備業,-2.85,0.69,6.69,0.55,1
3023,信邦,322.5,1582.254,512259586,24.12,電子零組件業,-11.62,5.12,7.33,3.37,1
3024,憶聲,13.75,1302.929,17945022,343.75,光電業,5.84,0.18,11.86,-1.79,1
3025,星通,55.9,539.548,30273871,11.89,通信網路業,28.66,0.3,6.68,0.9,1
3026,禾伸堂,817.0,9680.4,8093712493,79.71,電子零組件業,-11.69,80.94,7.26,-2.16,1
3027,盛達,18.8,155.759,2938682,,通信網路業,68.7,0.03,3.59,1.08,1
3028,增你強,63.4,1327.321,85015675,8.83,電子通路業,-3.39,0.85,2.16,0.0,1
3029,零壹,117.5,1083.899,127826331,16.76,資訊服務業,-1.49,1.28,6.75,-0.42,1
3030,德律,305.5,3464.455,1060131940,23.14,其他電子業,-24.31,10.6,2.08,1.83,1
3031,佰鴻,32.9,7718.132,257679668,36.15,光電業,-29.78,2.58,5.19,0.3,1
3032,偉訓,79.3,456.673,36459922,,電子零組件業,-4.16,0.36,5.14,-0.13,1
3033,威健,42.4,2238.7,95318114,9.32,電子通路業,-19.07,0.95,4.83,0.0,1
3034,聯詠,543.0,2406.418,1305106868,18.95,半導體業,-0.72,13.05,4.23,1.12,1
3035,智原,216.0,6547.94,1431913332,85.04,半導體業,12.56,14.32,3.36,0.23,1
3036,文曄,213.5,6051.028,1298608162,10.96,電子通路業,-4.34,12.99,1.16,0.0,1
3037,欣興,1325.0,27109.05,36937724775,88.22,電子零組件業,3.89,369.38,6.69,1.53,1
3038,全台,20.4,212.76,4373869,13.51,光電業,-26.41,0.04,2.86,-1.21,1
3040,遠見,33.9,223.402,7525461,,其他,-10.3,0.08,7.12,-0.15,1
3041,揚智,24.15,618.539,15101775,,半導體業,16.4,0.15,4.55,-2.62,1
3042,晶技,222.0,35474.796,8012034472,38.34,電子零組件業,-2.11,80.12,5.73,-3.69,1
3043,科風,20.85,122.682,2543239,,其他電子業,13.86,0.03,1.88,0.48,1
3044,健鼎,557.0,3000.757,1668024345,23.86,電子零組件業,38.31,16.68,1.24,2.77,1
3045,台灣大,122.5,7130.067,873475993,23.16,通信網路業,7.53,8.73,2.39,0.41,1
3046,建碁,53.8,178.233,9623857,11.09,電腦及週邊設備業,-9.35,0.1,2.89,-0.19,1
3047,訊舟,14.4,694.256,10026708,,通信網路業,16.43,0.1,5.88,-1.71,1
3048,益登,53.6,2382.285,129013704,11.38,電子通路業,-2.14,1.29,2.55,-0.19,1
3049,精金,12.25,6302.329,79248216,37.12,光電業,-5.65,0.79,7.89,-1.61,1
3050,鈺德,11.65,525.897,6095021,21.98,光電業,8.56,0.06,2.92,0.43,1
3051,力特,22.9,948.665,21946094,12.94,光電業,2.95,0.22,3.78,-2.97,1
3052,夆典,10.45,90.665,949547,9.33,建材營建,0.0,0.01,0.95,0.0,1
3054,立萬利,60.1,183.24,10900273,12.37,電子通路業,-41.48,0.11,0.33,0.67,1
3055,蔚華科,216.5,905.098,195973597,,電子通路業,11.38,1.96,4.2,0.23,1
3056,富華新,13.6,649.167,8851601,,建材營建,8.63,0.09,9.03,-0.73,1
3057,喬鼎,15.6,93.837,1475129,,電腦及週邊設備業,-15.99,0.01,10.09,-0.64,1
3058,立德,8.12,464.563,3792863,,電子零組件業,-20.88,0.04,3.22,-0.73,1
3059,華晶科,38.25,1235.051,47565815,30.36,光電業,3.56,0.48,2.05,-1.16,1
3060,銘異,28.5,1919.797,55806054,42.54,電腦及週邊設備業,-8.27,0.56,4.04,-1.38,1
3062,建漢,22.7,2043.954,46519178,,通信網路業,-4.48,0.47,2.16,0.22,1
3090,日電貿,173.0,6876.625,1206552924,22.91,電子零組件業,7.84,12.07,5.46,-0.29,1
3092,鴻碩,24.1,287.049,6967748,,電子零組件業,-1.07,0.07,3.6,0.63,1
3094,聯傑,69.0,24279.874,1716399457,111.29,半導體業,6.86,17.16,6.12,-1.85,1
3130,一零四,209.0,40.759,8518188,12.58,其他,-34.35,0.09,0.71,-0.24,1
3135,凌航,157.0,586.861,93061433,6.78,半導體業,-5.24,0.93,11.05,-1.26,1
3138,耀登,105.0,1020.51,105572043,41.67,通信網路業,-26.23,1.06,7.08,5.53,1
3149,正達,79.5,16141.575,1271312697,,光電業,-11.4,12.71,0.62,2.85,1
3150,鈺寶-創,15.35,69.055,1055666,,半導體業,-4.34,0.01,8.36,-0.32,1
3164,景岳,16.55,35.475,587295,20.69,其他,14.09,0.01,0.9,0.3,1
3167,大量,996.0,1421.468,1409620686,69.85,其他,23.28,14.1,0.9,1.53,1
3168,眾福科,42.4,63.383,2693750,14.67,光電業,6.31,0.03,3.42,-1.62,1
3189,景碩,1095.0,30076.585,32795151665,203.15,半導體業,-1.87,327.95,4.78,4.29,1
3209,全科,46.1,930.3,42846820,7.7,電子通路業,-165.47,0.43,1.71,0.0,1
3229,晟鈦,56.8,1247.502,73025764,42.71,電子零組件業,3.29,0.73,22.09,-3.4,1
3231,緯創,189.5,48432.219,9182332196,15.05,電腦及週邊設備業,-9.7,91.82,5.49,1.61,1
3257,虹冠電,50.7,352.729,17952788,20.04,半導體業,-7.35,0.18,1.36,0.8,1
3266,昇陽,13.9,74.585,1036907,28.96,建材營建,30.84,0.01,1.77,0.36,1
3296,勝德,28.55,108.435,3086012,,電子零組件業,14.76,0.03,7.75,0.18,1
3305,昇貿,109.0,1049.471,114251106,19.75,其他電子業,-1.81,1.14,3.11,1.4,1
3308,聯德,22.45,70.591,1592440,14.21,電子零組件業,4.25,0.02,4.47,-1.97,1
3311,閎暉,49.5,12251.987,618805048,27.35,通信網路業,-0.35,6.19,5.17,-0.3,1
3312,弘憶股,51.7,788.491,40972684,13.46,電子通路業,8.4,0.41,8.17,-0.77,1
3321,同泰,18.2,164.216,3004844,,電子零組件業,-19.49,0.03,4.71,-0.82,1
3338,泰碩,70.1,939.893,65551429,59.91,電子零組件業,6.76,0.66,2.37,1.59,1
3346,麗清,23.85,623.927,14750077,,其他,-3.51,0.15,8.27,-0.62,1
3356,奇偶,67.4,415.005,27827181,4.81,光電業,10.58,0.28,7.54,0.9,1
3376,新日興,171.5,2407.309,414773120,118.28,電子零組件業,-9.26,4.15,18.72,-1.44,1
3380,明泰,31.3,2512.527,79097894,223.57,通信網路業,-4.25,0.79,7.12,-2.03,1
3406,玉晶光,1055.0,5365.739,5490142326,28.54,光電業,1.96,54.9,7.46,9.78,1
3413,京鼎,295.0,878.477,259108048,14.69,半導體業,2.95,2.59,1.01,1.03,1
3416,融程電,168.5,428.291,72034750,19.57,電腦及週邊設備業,20.43,0.72,3.44,1.51,1
3419,譁裕,12.05,153.538,1831458,,通信網路業,-11.72,0.02,3.6,-0.82,1
3432,台端,14.7,40.254,599250,,電子零組件業,4.97,0.01,6.37,-1.34,1
3437,榮創,21.9,2721.178,61502140,,光電業,-2.24,0.62,9.88,-1.13,1
3443,創意,8600.0,750.702,6382276205,220.46,半導體業,10.29,63.82,1.04,8.86,1
3447,展達,27.6,79.322,2194663,14.15,通信網路業,7.56,0.02,8.31,-0.54,1
3450,聯鈞,548.0,11920.793,6626693214,111.16,半導體業,-14.69,66.27,8.05,0.92,1
3481,群創,52.3,360995.094,19549048816,67.05,光電業,-2.05,195.49,6.94,-0.95,1
3494,誠研,7.05,59.889,419946,,電腦及週邊設備業,0.0,0.0,8.44,-0.56,1
3501,維熹,37.8,130.098,4912908,21.85,電子零組件業,-29.98,0.05,5.97,0.4,1
3504,揚明光,84.7,2625.102,221002000,,光電業,-1.01,2.21,5.68,5.74,1
3515,華擎,217.5,368.541,80788627,14.05,電腦及週邊設備業,25.83,0.81,6.65,0.46,1
3518,柏騰,48.75,8802.224,426201529,23.1,其他電子業,-8.82,4.26,0.0,9.92,1
3528,安馳,86.9,268.249,23595941,9.56,電子通路業,-0.37,0.24,2.91,-2.14,1
3530,晶相光,58.9,241.044,14213155,19.0,半導體業,5.03,0.14,2.64,-1.01,1
3532,台勝科,469.5,6047.771,2881114021,361.15,半導體業,0.21,28.81,5.63,-1.26,1
3533,嘉澤,1875.0,1551.638,2908387930,22.86,電子零組件業,-9.84,29.08,1.06,1.08,1
3535,晶彩科,92.7,1062.131,98704633,53.58,光電業,-8.57,0.99,2.22,-0.22,1
3543,州巧,54.0,5254.467,282228155,,光電業,10.4,2.82,1.1,5.88,1
3545,敦泰,50.4,661.746,33811744,,半導體業,10.09,0.34,5.62,-2.14,1
3550,聯穎,25.1,1542.49,39036350,209.17,電子零組件業,-12.8,0.39,8.56,-2.71,1
3557,嘉威,24.15,76.015,1857130,,其他,11.84,0.02,4.92,-1.43,1
3563,牧德,767.0,1417.672,1086732775,45.01,光電業,-4.01,10.87,7.03,0.92,1
3576,聯合再生,18.85,22838.416,436643697,34.91,光電業,-5.08,4.37,6.22,-2.58,1
3583,辛耘,744.0,1260.864,940574502,45.64,半導體業,-19.14,9.41,2.62,3.19,1
3588,通嘉,57.0,503.005,28980922,47.9,半導體業,1.91,0.29,5.16,-2.06,1
3591,艾笛森,27.8,2171.607,61788004,,光電業,-2.62,0.62,6.24,-1.77,1
3592,瑞鼎,239.0,650.803,155277099,14.03,半導體業,0.5,1.55,1.04,0.0,1
3593,力銘,10.75,11.132,117521,,電子零組件業,0.0,0.0,8.51,0.94,1
3596,智易,156.0,842.134,130800319,12.0,通信網路業,-27.53,1.31,2.5,1.3,1
3605,宏致,168.0,10337.743,1736005476,44.21,電子零組件業,-12.0,17.36,11.81,-1.47,1
3607,谷崧,13.8,93.693,1297363,29.36,電子零組件業,-22.41,0.01,2.13,-1.08,1
3617,碩天,241.5,222.577,53863149,11.57,其他電子業,41.43,0.54,4.92,-0.82,1
3622,洋華,46.2,267.379,12340290,9.06,光電業,1.41,0.12,8.51,0.43,1
3645,達邁,76.0,7014.529,532904549,29.34,電子零組件業,-12.5,5.33,1.55,2.7,1
3652,精聯,35.7,181.089,6475983,17.33,電腦及週邊設備業,-45.28,0.06,2.19,2.29,1
3653,健策,7205.0,1138.488,8127077680,162.6,電子零組件業,4.89,81.27,3.16,5.96,1
3661,世芯-KY,3950.0,3112.574,12304288188,57.93,半導體業,25.35,123.04,5.5,3.67,1
3665,貿聯-KY,2485.0,5362.695,13271653090,45.63,其他電子業,-18.41,132.72,7.45,-2.17,1
3669,圓展,32.8,113.926,3755419,11.12,通信網路業,-17.56,0.04,4.79,-1.2,1
3673,TPK-KY,76.8,29000.616,2272445979,16.77,光電業,-7.64,22.72,5.19,-4.71,1
3679,新至陞,108.5,28.082,3033495,9.18,電子零組件業,-6.94,0.03,1.81,0.46,1
3686,達能,15.75,105.144,1632919,,半導體業,-24.73,0.02,6.25,-0.63,1
3694,海華,51.2,506.982,26127761,12.96,通信網路業,19.72,0.26,2.1,-0.97,1
3701,大眾控,60.9,4322.771,263256622,,電腦及週邊設備業,16.03,2.63,0.0,9.93,1
3702,大聯大,119.0,4033.077,481976913,10.19,電子通路業,7.38,4.82,1.65,0.0,1
3703,欣陸,19.4,927.441,18036533,9.85,建材營建,-47.77,0.18,6.05,-0.77,1
3704,合勤控,40.05,1348.47,54240438,11.99,通信網路業,-33.59,0.54,5.99,-1.23,1
3705,永信,56.6,184.491,10478598,16.8,其他,31.55,0.1,1.39,0.53,1
3706,神達,80.4,6496.77,526581720,14.36,電腦及週邊設備業,3.75,5.27,2.55,-1.11,1
3708,上緯投控,96.3,527.564,51422035,2.33,其他,-9.29,0.51,5.12,-3.02,1
3711,日月光投控,742.0,17970.212,13353811094,53.69,半導體業,0.97,133.54,2.11,4.07,1
3712,永崴投控,20.6,484.994,9970902,,電腦及週邊設備業,9.93,0.1,3.06,0.0,1
3714,富采,68.2,21371.294,1500562262,,光電業,-0.97,15.01,6.32,-3.67,1
3715,定穎投控,133.0,13025.997,1737462417,,電子零組件業,-6.66,17.37,3.62,2.7,1
3716,中化控股,33.7,320.623,10823310,9.63,其他,-31.46,0.11,2.03,-0.59,1
3717,聯嘉投控,27.75,16061.762,442335859,346.88,其他,-36.7,4.42,3.81,4.91,1
4104,佳醫,71.9,155.608,11252873,15.14,其他,-28.92,0.11,1.51,-1.37,1
4106,雃博,24.15,105.114,2524646,13.13,其他,21.88,0.03,1.83,0.0,1
4108,懷特,11.3,89.166,1012470,,其他,-14.58,0.01,3.83,-0.44,1
4119,旭富,54.3,102.369,5606091,108.6,其他,35.17,0.06,10.54,-2.34,1
4133,亞諾法,20.3,91.605,1861824,27.43,其他,-4.37,0.02,2.4,-0.73,1
4137,麗豐-KY,75.8,66.679,5063888,11.23,其他,-24.39,0.05,4.77,0.0,1
4142,國光生,17.9,620.169,11141792,,其他,100.0,0.11,2.45,-0.56,1
4148,全宇生技-KY,31.75,97.404,3092755,11.5,其他,1.03,0.03,11.19,0.79,1
4155,訊映,14.75,199.363,2948630,8.58,其他,-41.13,0.03,4.22,-0.67,1
4164,承業醫,26.95,466.766,12510606,23.03,其他,32.42,0.13,1.82,-0.19,1
4169,泰宗,149.0,138.022,20586592,,其他,14.49,0.21,5.7,-1.65,1
4178,永笙-KY,17.65,158.705,2818704,,其他,-4.41,0.03,3.81,-1.94,1
4190,佐登-KY,24.3,13.061,318873,,其他,30.63,0.0,6.9,0.0,1
4195,基米-創,15.55,218.886,3387840,,其他,9.59,0.03,10.37,-2.2,1
4306,炎洲,14.3,841.576,12100794,15.71,其他,10.87,0.12,6.84,-1.04,1
4414,如興,8.09,146.937,1194044,53.93,其他,-91.88,0.01,4.26,-0.12,1
4426,利勤,7.53,69.622,525870,,其他,-7.18,0.01,6.46,-0.53,1
4438,廣越,56.4,50.791,2872531,8.28,其他,-37.41,0.03,4.41,-0.18,1
4439,冠星-KY,96.0,5.05,486400,10.23,其他,19.8,0.0,2.54,0.21,1
4440,宜新實業,17.65,74.235,1308509,9.01,其他,-101.03,0.01,1.12,1.15,1
4441,振大環球,169.5,54.855,9369079,9.39,其他,12.76,0.09,3.42,-0.29,1
4526,東台,33.5,2005.724,67978780,,其他,-40.12,0.68,9.21,-2.33,1
4532,瑞智,24.55,769.146,18968374,12.99,其他,-17.85,0.19,4.1,-0.81,1
4536,拓凱,160.5,188.536,30153948,12.11,其他,-7.76,0.3,3.89,0.0,1
4540,全球傳動,60.6,1541.968,94440407,,其他,3.7,0.94,4.72,-0.66,1
4545,銘鈺,39.8,537.125,21745870,46.28,電子零組件業,6.08,0.22,5.24,0.76,1
4551,智伸科,186.0,5644.279,1041022965,19.52,其他,-10.94,10.41,3.12,0.0,1
4552,力達-KY,15.6,81.534,1274282,13.68,其他,-3.68,0.01,6.02,-0.32,1
4555,氣立,41.4,234.905,9757198,40.99,其他,-24.78,0.1,9.8,-1.9,1
4557,永新-KY,50.4,53.762,2704424,,其他,-11.16,0.03,1.18,0.2,1
4560,強信-KY,29.85,154.144,4569954,10.08,其他,11.03,0.05,0.17,0.0,1
4562,穎漢,30.0,134.911,4067099,,其他,39.29,0.04,5.96,-0.99,1
4564,元翎,15.95,873.605,13998926,,其他,9.16,0.14,3.33,-2.15,1
4566,時碩工業,77.5,4408.037,339313333,30.75,其他,-17.44,3.39,1.4,2.24,1
4569,六方科-KY,157.0,100.842,15730889,17.5,其他,3.97,0.16,13.97,0.64,1
4571,鈞興-KY,154.0,109.326,16898649,17.21,其他,0.15,0.17,5.81,0.0,1
4572,駐龍,138.5,12.254,1700503,37.64,其他,16.32,0.02,4.81,-0.72,1
4576,大銀微系統,235.0,1918.3,458914846,71.65,其他,-5.17,4.59,8.91,0.43,1
4581,光隆精密-KY,48.0,7.017,337266,11.79,其他,57.0,0.0,1.03,0.0,1
4582,聚恆-創,22.1,141.169,3128794,9.65,其他,-16.29,0.03,6.36,-0.45,1
4583,台灣精銳,419.0,124.172,52131470,31.11,其他,0.2,0.52,14.49,-0.83,1
4585,達明,291.0,171.061,50034663,104.68,其他電子業,-7.6,0.5,5.21,-0.85,1
4588,玖鼎電力,55.8,69.263,3812072,15.46,其他電子業,12.99,0.04,3.12,0.54,1
4590,富田-創,88.3,205.802,18212962,16.63,其他,-17.85,0.18,7.35,-0.34,1
4720,德淵,23.0,9821.341,216822309,41.07,其他,4.28,2.17,0.0,9.79,1
4722,國精化,224.0,6480.618,1483976874,82.05,其他,-2.53,14.84,8.2,-2.61,1
4736,泰博,128.5,126.039,16291746,4.71,其他,30.94,0.16,4.46,-0.77,1
4737,華廣,55.3,44.004,2453321,,其他,15.91,0.02,9.05,-1.78,1
4739,康普,87.4,1250.695,109731875,16.94,其他,4.16,1.1,2.78,-1.47,1
4746,台耀,47.35,784.482,37481949,11.96,其他,29.38,0.37,4.54,-1.56,1
4755,三福化,121.0,253.901,30992770,26.36,其他,89.6,0.31,3.2,-0.82,1
4763,材料*-KY,46.35,6246.002,291037255,11.12,其他,-3.8,2.91,13.36,-1.7,1
4764,雙鍵,196.5,3074.821,612516735,63.39,其他,-3.97,6.13,15.85,-3.44,1
4766,南寶,346.5,145.248,50833462,14.78,其他,76.02,0.51,2.39,-1.84,1
4770,上品,274.5,915.889,252624329,26.19,其他,15.12,2.53,6.95,-1.26,1
4771,望隼,207.5,198.127,41379060,13.68,其他,3.98,0.41,5.68,-3.04,1
4807,日成-KY,31.1,304.648,9440357,12.44,其他,-43.0,0.09,3.27,2.98,1
4904,遠傳,105.5,6052.583,635361451,25.67,通信網路業,6.06,6.35,1.86,-0.47,1
4906,正文,42.15,18583.054,799160691,351.25,通信網路業,19.4,7.99,4.2,0.72,1
4912,聯德控股-KY,109.5,1620.147,181572882,36.14,電子零組件業,2.75,1.82,5.19,3.3,1
4915,致伸,63.7,1934.585,124028549,12.87,電子零組件業,-1.95,1.24,4.21,-1.09,1
4916,事欣科,105.0,3880.359,409576120,16.08,電腦及週邊設備業,-17.27,4.1,2.33,0.48,1
4919,新唐,155.5,31573.293,4994729097,,半導體業,3.58,49.95,6.89,-4.6,1
4927,泰鼎-KY,52.9,8516.05,448634382,,電子零組件業,45.94,4.49,0.0,9.87,1
4930,燦星網,15.9,7.737,122555,,其他,-38.77,0.0,3.05,0.32,1
4934,太極,14.8,941.148,14127366,,光電業,-8.62,0.14,2.95,0.34,1
4935,茂林-KY,33.75,247.065,8338344,25.38,光電業,-2.58,0.08,3.3,-0.3,1
4938,和碩,88.7,4424.512,395074671,14.96,電腦及週邊設備業,18.66,3.95,7.22,-0.56,1
4942,嘉彰,31.35,261.238,8226066,10.81,光電業,-5.36,0.08,5.71,-0.48,1
4943,康控-KY,6.72,36.612,244159,,電子零組件業,0.0,0.0,12.5,0.45,1
4949,有成精密,82.5,2937.766,240417112,21.65,光電業,-15.73,2.4,2.37,6.18,1
4952,凌通,50.3,261.855,13328126,28.26,半導體業,-24.02,0.13,2.52,-0.98,1
4956,光鋐,45.55,12675.55,593845955,96.91,光電業,10.26,5.94,8.53,-1.83,1
4958,臻鼎-KY,576.0,56786.688,32967295514,68.17,電子零組件業,0.86,329.67,2.37,2.67,1
4960,誠美材,24.0,5141.054,123753217,,光電業,16.16,1.24,3.81,-2.24,1
4961,天鈺,184.0,926.608,170003951,20.67,半導體業,38.42,1.7,2.65,0.27,1
4967,十銓,269.5,2556.228,692743757,4.0,半導體業,-30.64,6.93,6.26,-1.28,1
4968,立積,99.1,648.319,64688342,26.78,半導體業,10.81,0.65,4.25,-2.36,1
4976,佳凌,37.4,2705.181,101704456,,光電業,5.18,1.02,3.36,3.03,1
4977,眾達-KY,175.0,4552.619,807042070,52.55,通信網路業,-2.11,8.07,4.63,-0.28,1
4989,榮科,70.2,19469.537,1333006580,,電子零組件業,-14.92,13.33,0.0,9.86,1
4994,傳奇,81.3,22.581,1824436,57.25,資訊服務業,17.71,0.02,6.34,0.37,1
4999,鑫禾,17.9,47.155,843015,,電子零組件業,-2.12,0.01,2.72,0.28,1
5007,三星,55.8,24.168,1356651,15.76,其他,33.1,0.01,1.41,-0.18,1
5203,訊連,60.2,488.619,29514897,13.44,資訊服務業,-16.0,0.3,2.75,3.97,1
5215,科嘉-KY,37.65,31.093,1178657,9.58,電腦及週邊設備業,12.86,0.01,5.52,-1.57,1
5222,全訊,105.5,176.202,18647356,55.24,半導體業,-43.58,0.19,2.76,-1.86,1
5225,東科-KY,54.4,253.263,13815314,8.19,其他電子業,1.97,0.14,5.23,-1.98,1
5234,達興材料,307.0,489.838,152605789,36.63,光電業,-19.59,1.53,6.69,-1.6,1
5236,凌陽創新,134.0,142.449,19238358,13.05,半導體業,-144.94,0.19,3.25,-1.11,1
5243,乙盛-KY,95.7,1920.258,184247146,18.26,光電業,-22.66,1.84,1.44,1.92,1
5244,弘凱,37.45,346.835,13116922,,光電業,-34.6,0.13,3.97,-1.06,1
5258,虹堡,41.5,245.84,10280804,9.39,電腦及週邊設備業,13.61,0.1,10.32,-1.19,1
5269,祥碩,1475.0,306.94,451608055,15.73,半導體業,5.6,4.52,1.99,1.03,1
5283,禾聯碩,52.1,156.113,8161345,8.02,其他,-40.36,0.08,7.46,-0.76,1
5284,jpp-KY,301.0,277.661,83073826,19.06,其他,-65.25,0.83,6.67,2.56,1
5285,界霖,100.0,4730.833,471599112,32.36,半導體業,-11.38,4.72,1.96,1.01,1
5288,豐祥-KY,187.0,211.918,39514062,12.47,其他,13.32,0.4,3.61,-0.8,1
5292,華懋,247.0,359.88,89124395,23.89,其他,-6.34,0.89,1.59,2.92,1
5306,桂盟,87.6,78.098,6827004,12.41,其他,-19.21,0.07,6.08,-0.45,1
5388,中磊,71.7,1541.06,110813746,16.04,通信網路業,9.79,1.11,5.66,-0.14,1
5434,崇越,620.0,1553.309,950822033,23.2,電子通路業,2.82,9.51,0.48,6.35,1
5469,瀚宇博,78.4,3805.771,295019240,14.52,電子零組件業,16.47,2.95,0.0,3.29,1
5471,松翰,52.6,923.722,49103565,31.69,半導體業,11.1,0.49,15.3,-1.68,1
5484,慧友,38.7,324.159,12596995,28.67,光電業,-5.55,0.13,11.03,-0.9,1
5515,建國,51.2,381.124,19449132,5.19,建材營建,10.98,0.19,3.4,0.2,1
5519,隆大,24.8,451.528,11251196,4.98,建材營建,-36.92,0.11,9.49,-1.0,1
5521,工信,10.75,2688.727,28708937,11.32,建材營建,54.81,0.29,0.0,0.47,1
5522,遠雄,60.1,747.997,45047681,5.99,建材營建,-29.48,0.45,6.97,-0.66,1
5525,順天,21.75,82.582,1798577,5.61,建材營建,6.05,0.02,4.81,-0.23,1
5531,鄉林,6.69,922.316,6217663,60.82,建材營建,-28.71,0.06,10.56,-2.48,1
5533,皇鼎,13.85,161.249,2241516,23.47,建材營建,-58.92,0.02,2.81,-0.36,1
5534,長虹,71.8,2198.452,158455552,12.69,建材營建,-45.67,1.58,8.42,-1.64,1
5538,東明-KY,37.2,161.804,5970032,8.55,其他,-7.42,0.06,0.93,3.91,1
5546,永固-KY,14.0,5.0,69600,,建材營建,-20.0,0.0,10.26,1.82,1
5607,遠雄港,51.8,583.438,30159381,14.19,航運業,9.82,0.3,9.12,0.0,1
5608,四維航,16.8,2553.019,43382249,168.0,航運業,-7.7,0.43,4.82,-2.04,1
5706,鳳凰,44.0,77.57,3421139,11.31,其他,41.25,0.03,3.08,-0.34,1
5871,中租-KY,105.5,4068.025,430942927,9.75,其他,-68.48,4.31,8.26,-0.47,1
5876,上海商銀,48.65,4716.959,231027770,13.74,金融保險,10.76,2.31,2.7,-0.61,1
5880,合庫金,25.9,13583.478,353305897,16.93,金融保險,-8.61,3.53,6.16,-0.96,1
5906,台南-KY,38.95,6.103,238266,779.0,其他,0.0,0.0,9.0,-2.62,1
5907,大洋-KY,4.75,252.043,1197752,,其他,-126.96,0.01,4.62,0.0,1
6005,群益證,33.0,14269.727,466624272,6.13,金融保險,-22.46,4.67,0.6,3.12,1
6024,群益期,59.7,179.355,10732248,8.22,金融保險,-57.43,0.11,5.98,-0.17,1
6108,競國,25.65,1527.53,39136911,128.25,電子零組件業,29.66,0.39,2.66,-0.19,1
6112,邁達特,44.9,2826.883,129110345,13.86,資訊服務業,-13.02,1.29,15.44,-5.77,1
6115,鎰勝,44.1,118.943,5255993,12.89,電子零組件業,-59.69,0.05,2.86,0.23,1
6116,彩晶,15.9,126208.893,2083647979,,光電業,-7.77,20.84,9.14,-0.93,1
6117,迎廣,62.5,169.972,10612238,13.24,電腦及週邊設備業,100.0,0.11,2.5,0.48,1
6120,達運,14.35,14566.769,214841234,10.55,光電業,0.85,2.15,8.01,-5.9,1
6128,上福,19.0,71.617,1367702,,電腦及週邊設備業,12.57,0.01,4.52,-1.04,1
6133,金橋,29.25,6973.736,204366690,26.35,電子零組件業,2.42,2.04,5.65,0.52,1
6136,富爾特,25.2,543.065,13674344,34.05,通信網路業,-15.67,0.14,0.59,-0.4,1
6139,亞翔,790.0,3971.097,3141043867,15.91,其他電子業,-5.06,31.41,1.62,1.94,1
6141,柏承,51.2,1905.185,98561912,,電子零組件業,8.98,0.99,7.75,0.39,1
6142,友勁,9.06,521.3,4728860,,通信網路業,-6.91,0.05,7.55,-0.88,1
6152,百一,17.25,8527.404,144577385,,通信網路業,-3.1,1.45,0.0,9.87,1
6153,嘉聯益,17.85,2637.169,47562597,,電子零組件業,28.98,0.48,3.77,-0.56,1
6155,鈞寶,71.0,5292.391,379020759,39.44,電子零組件業,11.28,3.79,5.96,-2.07,1
6164,華興,13.85,2693.714,36933061,53.27,光電業,-18.45,0.37,0.0,9.92,1
6165,浪凡,48.6,249.289,12210615,12.37,其他,52.55,0.12,5.63,-1.62,1
6166,凌華,129.5,1324.049,173901333,24.71,電腦及週邊設備業,-18.69,1.74,9.76,-0.38,1
6168,宏齊,47.1,31808.643,1532050494,147.19,光電業,-0.13,15.32,6.92,2.39,1
6176,瑞儀,92.3,1014.813,93808580,11.41,光電業,-28.32,0.94,4.05,0.0,1
6177,達麗,45.3,1728.107,78659007,4.99,建材營建,-7.02,0.79,10.12,-1.52,1
6183,關貿,91.4,18.628,1705504,20.31,資訊服務業,37.58,0.02,2.35,-0.33,1
6184,大豐電,40.1,87.346,3498002,17.28,其他,5.72,0.03,4.52,-0.12,1
6189,豐藝,49.4,451.65,22457150,12.2,電子通路業,9.37,0.22,2.37,-1.0,1
6191,精成科,85.9,2759.396,237246283,14.97,電子零組件業,5.0,2.37,1.04,1.42,1
6192,巨路,110.5,142.298,15722084,10.69,其他電子業,-1.66,0.16,5.15,0.91,1
6196,帆宣,679.0,3101.021,2054924802,30.75,其他電子業,13.71,20.55,0.0,9.87,1
6197,佳必琪,345.0,2829.534,979045954,29.16,電子零組件業,14.04,9.79,2.4,1.62,1
6201,亞弘電,44.05,58.344,2576743,13.68,其他電子業,1.71,0.03,10.01,-0.79,1
6202,盛群,60.8,4268.744,267324153,50.67,半導體業,7.9,2.67,5.15,-3.8,1
6205,詮欣,72.6,1664.612,122923137,31.84,電子零組件業,4.21,1.23,7.52,-1.49,1
6206,飛捷,137.5,541.423,74412410,15.19,電腦及週邊設備業,-38.57,0.74,5.17,0.36,1
6209,今國光,87.9,18483.958,1615231500,38.05,光電業,2.65,16.15,1.68,4.77,1
6213,聯茂,751.0,20063.879,14590023265,116.43,電子零組件業,15.26,145.9,0.0,9.96,1
6214,精誠,188.5,469.492,88640238,17.6,資訊服務業,29.74,0.89,3.33,0.0,1
6215,和椿,97.8,612.503,60509257,29.11,其他電子業,-2.42,0.61,6.41,0.0,1
6216,居易,19.9,114.047,2272834,53.78,通信網路業,-7.01,0.02,3.63,1.27,1
6224,聚鼎,79.7,725.399,58569568,66.42,電子零組件業,-10.84,0.59,14.12,-1.36,1
6225,天瀚,69.2,291.123,20171516,,光電業,-3.09,0.2,13.5,1.32,1
6226,光鼎,43.0,36413.647,1685189319,,光電業,-1.23,16.85,16.83,-7.33,1
6230,尼得科超眾,113.0,28.45,3182697,,電腦及週邊設備業,100.0,0.03,5.04,1.35,1
6235,華孚,38.35,581.278,22453609,23.82,電腦及週邊設備業,-36.47,0.22,5.89,-2.54,1
6239,力成,297.5,24412.772,7351946462,29.46,半導體業,28.76,73.52,5.85,-3.41,1
6243,迅杰,40.2,410.302,16588426,,半導體業,-14.58,0.17,3.25,-2.19,1
6257,矽格,260.0,20298.667,5319899722,30.41,半導體業,31.48,53.2,5.45,0.97,1
6269,台郡,65.1,3026.754,199207400,,電子零組件業,10.85,1.99,8.31,-1.51,1
6271,同欣電,238.5,5078.324,1216978750,26.83,半導體業,12.42,12.17,3.05,1.71,1
6272,驊陞,25.25,136.064,3467968,14.19,電子零組件業,7.35,0.03,19.07,-2.32,1
6277,宏正,77.1,111.257,8616139,18.62,電腦及週邊設備業,17.98,0.09,4.1,0.0,1
6278,台表科,220.0,12352.429,2701010494,22.29,光電業,14.08,27.01,1.35,1.38,1
6281,全國電,50.7,44.722,2270609,13.59,電子通路業,15.65,0.02,1.93,-0.39,1
6282,康舒,44.45,8349.604,372886564,36.43,電子零組件業,-8.49,3.73,1.44,0.57,1
6283,淳安,18.9,77.366,1468583,,其他電子業,5.17,0.01,6.2,-1.31,1
6285,啟碁,249.5,8838.953,2185318242,27.33,通信網路業,10.11,21.85,0.4,4.83,1
6405,悅城,41.9,2056.113,86935775,,光電業,-10.26,0.87,16.37,-1.41,1
6409,旭隼,891.0,349.376,313101079,34.52,其他電子業,-9.87,3.13,11.34,0.56,1
6412,群電,75.1,698.374,52880187,12.37,電子零組件業,-67.7,0.53,3.96,0.13,1
6414,樺漢,407.5,1231.927,502593444,16.92,電腦及週邊設備業,1.46,5.03,0.73,1.49,1
6415,矽力*-KY,442.0,2534.848,1112547249,44.87,半導體業,-3.37,11.13,2.21,4.0,1
6416,瑞祺電通,119.5,921.41,110527580,22.29,通信網路業,-14.07,1.11,3.63,1.7,1
6426,統新,357.5,3509.288,1270363419,90.28,通信網路業,-18.65,12.7,13.23,-1.11,1
6431,光麗-KY,16.9,66.332,1113409,,其他,-18.09,0.01,15.92,-0.88,1
6438,迅得,167.5,1042.8,175431598,29.03,其他電子業,12.29,1.75,2.33,-0.3,1
6442,光聖,1705.0,4078.448,6888995665,50.44,通信網路業,-0.6,68.89,8.33,4.92,1
6443,元晶,28.2,8164.139,233145340,,光電業,-17.69,2.33,6.62,-1.91,1
6446,藥華藥,1190.0,1604.038,1905900695,58.28,其他,-7.4,19.06,17.93,2.15,1
6449,鈺邦,227.0,1695.626,387844496,25.28,電子零組件業,-80.68,3.88,6.58,1.11,1
6451,訊芯-KY,432.0,2568.357,1119709647,396.33,半導體業,-11.32,11.2,9.43,0.7,1
6456,GIS-KY,90.6,18149.753,1644115128,,光電業,12.83,16.44,5.33,-2.48,1
6464,台數科,77.2,16.641,1282556,17.16,其他,-18.03,0.01,1.53,1.18,1
6472,保瑞,420.5,306.031,128983858,34.67,其他,-18.07,1.29,6.14,0.0,1
6477,安集,34.05,651.241,22312489,1135.0,光電業,-5.99,0.22,9.44,-1.59,1
6491,晶碩,403.0,681.33,279399810,16.81,其他,-14.68,2.79,5.84,-4.95,1
6504,南六,37.05,32.059,1192866,23.75,其他,43.67,0.01,6.91,-1.33,1
6505,台塑化,98.6,20175.57,2004188431,17.12,其他,7.72,20.04,4.27,-1.4,1
6515,穎崴,6205.0,599.727,3692105205,101.59,半導體業,-8.03,36.92,24.88,2.22,1
6525,捷敏-KY,140.0,2503.717,359866231,19.47,半導體業,-28.58,3.6,5.08,0.36,1
6526,達發,841.0,1419.661,1213772652,46.64,半導體業,1.11,12.14,4.97,0.72,1
6531,愛普*,1055.0,4949.972,5109870161,60.84,半導體業,-11.17,51.1,3.21,5.5,1
6533,晶心科,336.0,6040.399,2059987581,,半導體業,-3.62,20.6,8.32,-4.55,1
6534,正瀚-創,93.0,115.665,10716361,15.66,其他,33.72,0.11,0.96,0.22,1
6541,泰福-KY,31.45,765.775,23592170,,其他,2.25,0.24,6.12,6.25,1
6550,北極星藥業-KY,16.2,939.366,15467193,,其他,8.43,0.15,19.46,-3.28,1
6552,易華電,24.95,71.983,1803361,,半導體業,12.5,0.02,1.38,1.22,1
6558,興能高,25.4,199.649,5096902,,其他電子業,16.03,0.05,2.12,-0.39,1
6573,虹揚-KY,16.55,476.852,8080439,11.41,半導體業,-54.31,0.08,5.7,1.53,1
6579,研揚,158.0,262.201,41709325,21.58,電腦及週邊設備業,13.39,0.42,2.17,-0.32,1
6581,鋼聯,108.0,10.615,1150802,14.65,其他,47.1,0.01,3.57,0.0,1
6582,申豐,31.35,22.737,711340,82.5,其他,30.79,0.01,2.94,-0.16,1
6585,鼎基,103.5,94.989,9892775,13.34,其他,2.38,0.1,9.21,-0.96,1
6589,台康生技,50.7,491.168,24921448,,其他,28.96,0.25,6.11,-0.2,1
6591,動力-KY,42.9,100.016,4273060,13.41,電腦及週邊設備業,-78.99,0.04,10.62,0.82,1
6592,和潤企業,55.4,1313.0,72670338,11.12,其他,-9.27,0.73,9.92,-1.6,1
6598,ABC-KY,26.8,162.798,4423658,,其他,-58.97,0.04,10.37,-1.65,1
6605,帝寶,135.5,230.352,31264908,8.36,其他,-15.63,0.31,3.9,-0.73,1
6606,建德工業,24.85,111.959,2806671,17.14,其他,-91.1,0.03,4.79,-1.58,1
6614,資拓宏宇,35.3,64.308,2269090,17.56,其他,10.89,0.02,3.16,-0.28,1
6625,必應,73.7,77.921,5732934,7.14,其他,-10.27,0.06,3.53,-0.14,1
6641,基士德-KY,17.05,22.3,378460,21.05,其他,31.39,0.0,3.4,0.29,1
6645,金萬林-創,12.75,21.25,269725,,其他,-4.69,0.0,6.25,-0.39,1
6655,科定,125.5,7.04,884000,25.88,其他,14.2,0.01,3.46,0.4,1
6657,華安,33.0,97.783,3201730,,其他,54.2,0.03,15.38,0.3,1
6658,聯策,200.0,1602.697,313463362,48.54,其他電子業,-29.29,3.13,0.0,9.89,1
6666,羅麗芬-KY,45.35,32.62,1470851,13.3,其他,6.13,0.01,1.31,-0.33,1
6668,中揚光,48.25,6136.507,300776816,,光電業,3.42,3.01,10.81,1.9,1
6669,緯穎,2150.0,3007.826,6427087060,6.89,電腦及週邊設備業,-9.19,64.27,15.52,3.12,1
6670,復盛應用,270.0,96.598,26136128,11.03,其他,4.35,0.26,3.57,-0.18,1
6671,三能-KY,23.3,7.0,163000,10.74,其他,28.57,0.0,0.43,1.53,1
6672,騰輝電子-KY,451.0,13344.761,5988799443,68.13,電子零組件業,3.71,59.89,1.42,2.73,1
6674,鋐寶科技,18.3,93.284,1704121,,通信網路業,4.29,0.02,1.08,-0.27,1
6689,伊雲谷,63.1,268.854,17087539,28.81,其他,6.32,0.17,15.53,-2.62,1
6691,洋基工程,794.0,2022.038,1574582150,23.75,其他電子業,3.56,15.75,0.0,7.15,1
6695,芯鼎,52.7,546.813,29104753,,半導體業,-3.64,0.29,7.22,-3.13,1
6698,旭暉應材,31.35,170.776,5349126,,其他電子業,-26.32,0.05,7.52,-0.95,1
6706,惠特,151.5,2280.897,350292201,,光電業,3.03,3.5,9.82,-1.94,1
6715,嘉基,480.5,2676.511,1239789496,316.12,電子零組件業,-2.35,12.4,0.93,7.02,1
6719,力智,191.5,859.669,166084311,21.57,半導體業,0.71,1.66,2.3,1.06,1
6722,輝創,33.05,99.75,3332638,16.2,其他電子業,0.0,0.03,3.08,1.69,1
6742,澤米,60.2,2919.762,177475223,,光電業,-10.36,1.77,4.75,4.33,1
6743,安普新,35.6,978.174,34718929,32.07,其他電子業,8.39,0.35,2.33,0.42,1
6753,龍德造船,131.0,412.401,54373002,12.5,航運業,-5.06,0.54,5.76,-1.5,1
6754,匯僑設計,41.0,67.478,2738439,12.39,其他,5.93,0.03,5.2,-0.73,1
6756,威鋒電子,98.2,108.968,10628101,55.17,半導體業,-19.27,0.11,5.12,1.13,1
6757,台灣虎航,53.0,438.462,23310655,9.2,航運業,-43.09,0.23,5.86,-0.75,1
6768,志強-KY,63.1,156.116,9915398,12.65,其他,32.03,0.1,2.17,-0.94,1
6770,力積電,75.8,125964.867,9622465943,25.27,半導體業,-12.59,96.22,2.94,-0.92,1
6771,平和環保-創,42.5,17.07,719907,14.76,其他,11.72,0.01,1.39,-0.47,1
6776,展碁國際,52.4,62.697,3293869,11.96,電子通路業,28.71,0.03,1.32,-0.57,1
6781,AES-KY,1050.0,468.37,488627060,24.83,電子零組件業,-4.55,4.89,7.49,2.44,1
6782,視陽,229.0,220.251,50979543,13.88,其他,5.1,0.51,8.4,-2.97,1
6789,采鈺,488.0,1148.477,565008056,93.13,半導體業,7.95,5.65,3.37,-0.51,1
6790,永豐實,37.25,161.457,6029045,12.09,其他,-21.68,0.06,2.61,-0.67,1
6792,詠業,58.5,42.02,2460075,20.82,通信網路業,11.9,0.02,7.14,-0.51,1
6794,向榮生技,76.0,116.257,9015678,,其他,14.62,0.09,5.59,-3.68,1
6796,晉弘,57.0,70.694,4058494,158.33,其他,-11.32,0.04,4.52,-1.21,1
6799,來頡,91.8,289.267,26636029,17.79,半導體業,35.33,0.27,2.03,0.11,1
6805,富世達,2450.0,2557.802,6211785520,52.41,電子零組件業,-9.07,62.12,10.91,6.06,1
6807,峰源-KY,32.05,7.083,226009,10.9,其他,28.24,0.0,6.29,0.0,1
6830,汎銓,550.0,1769.211,999604630,2200.0,其他電子業,-8.75,10.0,9.87,0.55,1
6831,邁科,489.0,751.784,371253712,88.27,電腦及週邊設備業,-15.83,3.71,20.75,1.66,1
6834,天二科技,125.5,10894.293,1386113585,54.57,電子零組件業,-4.49,13.86,6.34,-4.2,1
6835,圓裕,32.0,65.189,2147941,106.67,電子零組件業,12.27,0.02,5.74,2.89,1
6838,台新藥,25.3,183.512,4565988,,其他,-2.2,0.05,5.07,0.0,1
6854,錼創科技-KY創,93.0,186.553,17530185,,半導體業,-62.38,0.18,4.32,-2.0,1
6861,睿生光電,295.5,1986.467,597801904,45.6,其他,6.49,5.98,8.94,-0.17,1
6862,三集瑞-KY,140.5,138.253,19605687,20.72,電子零組件業,2.89,0.2,4.42,-1.06,1
6863,永道-KY,96.1,43.156,4136619,33.72,通信網路業,-16.22,0.04,8.48,0.1,1
6869,雲豹能源,68.6,474.875,32849488,,其他,4.42,0.33,6.79,-2.7,1
6873,泓德能源,65.9,466.356,30946154,68.65,其他,-40.96,0.31,8.22,-2.37,1
6885,全福生技,29.3,1129.632,33560697,,其他,-6.64,0.34,11.21,-3.62,1
6887,寶綠特-KY,37.55,76.415,2860389,8.55,其他,17.01,0.03,5.77,-3.47,1
6890,來億-KY,147.0,87.163,12863961,14.13,其他,12.85,0.13,13.53,0.0,1
6901,鑽石投資,18.0,6644.376,120145922,5.25,其他,-22.47,1.2,2.44,5.88,1
6902,GOGOLOOK,147.5,424.338,62462198,30.67,其他,-0.47,0.62,19.4,-1.67,1
6906,現觀科,82.7,40.786,3383721,34.46,其他,4.9,0.03,6.76,-1.19,1
6908,宏碁遊戲-創,26.55,53.545,1426814,23.92,電子通路業,3.74,0.01,17.29,-1.3,1
6909,創控,43.95,513.961,22688156,33.05,半導體業,0.97,0.23,2.33,-0.9,1
6914,阜爾運通,118.5,135.409,16163701,11.9,其他,-8.86,0.16,2.87,0.0,1
6916,華凌,19.05,75.172,1437590,,光電業,5.32,0.01,6.39,1.33,1
6918,愛派司,73.8,26.05,1924768,13.54,其他,11.52,0.02,5.38,0.27,1
6919,康霈*,78.8,3565.795,283738903,,其他,-9.23,2.84,11.96,-1.38,1
6921,嘉雨思-創,66.0,13.015,863428,,半導體業,-23.05,0.01,5.44,0.0,1
6923,中台,73.5,81.625,6039552,17.97,其他,18.38,0.06,6.84,-1.47,1
6924,榮惠-KY創,132.5,29.18,3889570,15.93,電子零組件業,51.41,0.04,5.67,-0.75,1
6928,攸泰科技,45.7,93.762,4333113,,電腦及週邊設備業,-81.06,0.04,6.35,-0.33,1
6931,青松健康,38.05,53.051,2029446,10.09,其他,26.39,0.02,7.2,-0.91,1
6933,AMAX-KY,384.0,2154.273,827266996,47.64,電腦及週邊設備業,-5.66,8.27,7.02,1.32,1
6934,心誠鎂,74.4,91.257,6653067,,其他,-7.67,0.07,9.27,0.68,1
6936,永鴻生技,32.0,33.595,1062455,14.41,其他,2.98,0.01,3.32,-0.62,1
6937,天虹,302.5,363.69,109495661,66.78,半導體業,-40.65,1.09,3.66,-0.33,1
6944,兆聯實業,814.0,591.668,475824080,20.22,其他,20.28,4.76,0.73,1.88,1
6947,台鎔科技,68.7,297.587,20520441,34.52,其他,-12.43,0.21,2.97,0.59,1
6949,沛爾生醫*-創,47.6,3960.715,182865218,,其他,-1.44,1.83,41.88,6.97,1
6951,青新-創,69.1,25.609,1771536,11.16,其他,3.86,0.02,3.09,-0.29,1
6952,大武山,38.75,15.306,587028,30.51,其他,19.6,0.01,2.88,-0.39,1
6955,邦睿生技-創,93.5,15.072,1413213,21.49,其他,0.0,0.01,6.97,0.0,1
6957,裕慶-KY,410.0,932.297,372727260,35.25,其他,-21.12,3.73,0.73,8.75,1
6958,日盛台駿,16.65,76.888,1295937,,其他,16.91,0.01,7.24,-2.06,1
6962,奕力-KY,33.9,2892.534,98230038,23.22,半導體業,-0.9,0.98,1.6,1.5,1
6965,中傑-KY,59.8,127.359,7714485,101.36,其他,26.7,0.08,20.37,-2.92,1
6969,成信實業*-創,31.3,193.24,5912522,347.78,其他,-13.45,0.06,15.75,4.33,1
6988,威力暘-創,11.7,24.0,280050,,其他,8.33,0.0,6.4,2.18,1
6994,富威電力,31.95,3177.305,101732067,5.85,其他,-13.22,1.02,11.74,-0.31,1
7610,聯友金屬-創,1800.0,1256.506,2300155155,51.66,其他,-3.58,23.0,17.05,4.35,1
7631,聚賢研發-創,141.5,97.253,13764522,13.4,其他電子業,-15.42,0.14,7.82,-1.74,1
7689,大鵬科CLMX,164.0,240.771,39672633,13.79,通信網路業,-20.91,0.4,5.75,1.86,1
7705,三商餐飲,29.85,52.704,1564044,12.28,其他,7.59,0.02,1.81,0.0,1
7711,永擎,634.0,1875.54,1200085726,27.9,電腦及週邊設備業,-5.61,12.0,6.07,3.93,1
7721,微程式,63.0,25.058,1575603,69.23,其他,63.85,0.02,1.87,-0.47,1
7722,LINEPAY,262.0,38.816,10208995,31.19,其他,0.0,0.1,8.23,0.77,1
7730,暉盛-創,188.0,122.649,23233441,105.62,半導體業,-11.36,0.23,4.57,0.53,1
7732,金興精密,32.7,30.002,985318,17.21,其他,13.33,0.01,6.17,0.0,1
7736,虎山,71.0,182.804,13068758,12.82,其他,-1.09,0.13,3.79,1.72,1
7740,熙特爾-創,102.5,189.44,19421978,12.72,其他,8.67,0.19,24.07,0.49,1
7749,意騰-KY,399.0,248.25,98652486,27.59,半導體業,1.1,0.99,3.04,0.38,1
7750,新代,2070.0,278.325,558089445,35.58,其他,-26.2,5.58,16.36,9.81,1
7760,享溫馨,32.8,17.552,572037,48.96,其他,-45.58,0.01,2.09,0.92,1
7765,中華資安,229.0,244.431,55953413,19.97,其他,11.86,0.56,11.92,-1.51,1
7768,頌勝科技,306.5,152.073,47089400,65.77,半導體業,-13.15,0.47,5.55,-2.08,1
7769,鴻勁,5815.0,738.855,4256259875,60.04,半導體業,10.57,42.56,18.78,4.21,1
7780,大研生醫*,15.8,1869.839,29727648,29.81,其他,8.01,0.3,5.95,-1.56,1
7786,東方風能,120.5,224.794,26640680,11.3,其他,0.89,0.27,0.0,2.55,1
7788,松川精密,332.5,3149.388,1027254857,40.01,電子零組件業,19.75,10.27,0.75,8.31,1
7791,皇家可口,54.3,37.864,2057480,13.02,其他,13.21,0.02,5.4,-1.27,1
7795,長廣,559.0,1359.092,766977271,247.35,電子零組件業,31.45,7.67,4.77,2.01,1
7799,禾榮科,537.0,670.073,361711156,,其他,-12.61,3.62,6.45,-1.1,1
7803,雲象科技-創,17.65,133.295,2336993,,其他,7.5,0.02,11.75,0.28,1
7812,稜研科技*-創,65.5,214.366,13942496,,通信網路業,3.27,0.14,22.02,-0.61,1
7818,溢泰實業,60.0,92.532,5549789,12.53,其他,37.82,0.06,1.64,0.0,1
7821,神數,35.15,102.659,3617522,11.49,其他,2.54,0.04,12.45,-0.57,1
7822,倍利科,990.0,222.114,222818484,55.87,半導體業,-1.31,2.23,3.88,-1.0,1
7823,奧義賽博-KY創,79.9,78.616,6268327,,其他,2.54,0.06,8.27,0.5,1
7827,漢康-KY創,167.5,275.143,45692107,,其他,50.21,0.46,1.76,0.3,1
7835,永悅健康-創,19.9,28.0,554150,,其他,96.43,0.01,14.96,-0.25,1
7855,和運租車,41.3,288.862,11947732,8.73,其他,66.12,0.12,3.39,-0.24,1
8011,台通,16.1,333.516,5388295,21.76,通信網路業,84.25,0.05,3.59,0.0,1
8016,矽創,293.5,443.998,129925046,14.67,半導體業,33.66,1.3,0.84,0.86,1
8021,尖點,560.0,12199.882,6831517730,112.9,其他電子業,3.06,68.32,2.95,1.27,1
8028,昇陽半導體,281.5,6222.005,1773964599,50.45,半導體業,-3.8,17.74,4.74,-0.71,1
8033,雷虎,173.0,1982.665,344586471,360.42,其他,-11.23,3.45,4.95,-1.14,1
8039,台虹,303.5,49438.408,14702099689,96.35,電子零組件業,-3.73,147.02,7.33,2.53,1
8045,達運光電,55.5,243.648,13868560,64.53,通信網路業,0.0,0.14,4.15,-1.42,1
8046,南電,1495.0,15131.229,22733712050,175.68,電子零組件業,5.24,227.34,3.55,2.4,1
8070,長華*,51.7,4704.235,244892119,30.59,電子通路業,-13.29,2.45,1.9,1.97,1
8072,陞泰,27.1,202.654,5534122,16.33,電子通路業,0.49,0.06,6.07,-2.17,1
8081,致新,259.0,589.844,152164687,14.08,半導體業,24.83,1.52,0.0,0.78,1
8101,華冠,11.2,26.378,259059,,通信網路業,0.0,0.0,10.76,4.67,1
8103,瀚荃,121.5,3823.115,472225757,21.24,電子零組件業,-16.39,4.72,7.95,0.41,1
8104,錸寶,31.35,307.528,9696264,,光電業,8.19,0.1,3.39,-1.26,1
8105,凌巨,15.3,3642.0,56918429,17.79,光電業,0.55,0.57,6.42,-1.92,1
8110,華東,49.2,7409.03,368440533,9.03,半導體業,3.8,3.68,7.34,-1.5,1
8112,至上,84.1,5336.243,449329804,6.36,電子通路業,-10.27,4.49,8.59,0.0,1
8114,振樺電,179.0,139.553,25024670,12.76,電腦及週邊設備業,27.42,0.25,9.14,0.28,1
8131,福懋科,63.5,1950.288,124028687,18.41,半導體業,10.76,1.24,3.2,0.0,1
8150,南茂,124.0,98413.877,12464230675,38.63,半導體業,8.13,124.64,6.77,-2.36,1
8162,微矽電子-創,66.9,324.701,21785623,49.93,半導體業,10.79,0.22,2.9,-0.74,1
8163,達方,30.7,770.051,23879985,51.17,電腦及週邊設備業,-1.04,0.24,3.76,-1.6,1
8201,無敵,16.35,1102.314,18421927,,其他電子業,-2.11,0.18,8.91,-4.39,1
8210,勤誠,890.0,5109.884,4512180282,23.33,電腦及週邊設備業,-15.44,45.12,9.92,5.83,1
8213,志超,33.85,278.351,9533652,17.18,電子零組件業,87.32,0.1,2.59,-1.17,1
8215,明基材,28.6,2080.719,60294551,,光電業,12.98,0.6,7.74,-3.7,1
8222,寶一,35.4,347.546,12363938,26.22,其他,-2.88,0.12,5.47,0.0,1
8249,菱光,40.5,318.501,13149060,19.85,電子零組件業,-10.68,0.13,4.14,-1.22,1
8261,富鼎,205.0,15767.944,3161090066,30.73,半導體業,-11.66,31.61,0.0,9.92,1
8271,宇瞻,200.5,1113.436,224142794,4.99,半導體業,-9.31,2.24,11.67,-0.99,1
8341,日友,73.8,285.825,21148135,14.08,其他,-15.04,0.21,3.53,-0.54,1
8367,建新國際,40.75,12.226,499947,12.94,航運業,100.0,0.0,1.33,0.25,1
8374,羅昇,76.9,184.904,14335157,,其他,-3.79,0.14,13.4,-0.9,1
8404,百和興業-KY,13.0,687.868,8971680,15.48,其他,5.83,0.09,20.73,-1.14,1
8411,福貞-KY,11.7,161.107,1881492,34.41,其他,-6.21,0.02,11.36,0.86,1
8422,可寧衛*,25.3,5201.338,131621487,26.35,其他,12.17,1.32,5.6,-0.78,1
8429,金麗-KY,5.9,119.693,710403,65.56,其他,-71.02,0.01,3.28,0.0,1
8438,昶昕,81.0,843.552,69418279,22.38,其他,1.07,0.69,4.93,-3.8,1
8442,威宏-KY,45.95,28.046,1292911,14.77,其他,-11.35,0.01,2.44,0.11,1
8443,阿瘦,11.15,6.67,73834,,其他,29.99,0.0,0.89,1.36,1
8454,富邦媒,234.5,508.046,119779559,22.57,其他,19.54,1.2,6.94,-1.88,1
8462,柏文,157.5,27.077,4269063,15.09,其他,-56.83,0.04,6.25,0.32,1
8463,潤泰材,21.0,160.142,3367818,10.61,其他,6.24,0.03,2.33,-0.94,1
8464,億豐,362.5,114.691,41651479,15.84,其他,41.18,0.42,6.33,0.42,1
8466,美吉吉-KY,15.15,5.01,75801,,其他,79.84,0.0,9.82,0.66,1
8467,波力-KY,88.3,7.152,627910,13.69,其他,83.89,0.01,5.56,0.11,1
8473,山林水,40.35,608.14,24303262,11.7,其他,-33.87,0.24,0.98,3.59,1
8476,台境*,20.2,307.08,6274509,72.14,其他,1.06,0.06,3.35,1.0,1
8478,東哥遊艇,139.5,60.064,8428411,9.7,其他,13.32,0.08,3.46,-1.06,1
8481,政伸,40.65,12.096,492977,11.99,其他,-8.27,0.0,2.75,0.25,1
8482,商億-KY,48.35,8.05,383175,16.33,其他,37.27,0.0,5.2,0.52,1
8487,愛爾達-創,70.0,27.192,1907354,13.18,其他,3.68,0.02,2.64,-0.43,1
8488,吉源-KY,9.84,89.503,887948,,其他,-35.75,0.01,13.68,1.03,1
8499,鼎炫-KY,256.0,31.516,8005552,24.08,其他電子業,9.52,0.08,4.12,0.59,1
8926,台汽電,59.1,1880.273,111575267,16.24,其他,13.36,1.12,1.66,0.17,1
8940,新天地,14.95,12.979,193785,28.21,其他,46.23,0.0,3.55,0.67,1
8996,高力,1595.0,1594.799,2515699425,107.41,其他,19.23,25.16,4.2,5.63,1
9802,鈺齊-KY,64.2,299.17,19249141,12.66,其他,20.23,0.19,8.05,-0.31,1
9902,台火,12.95,142.403,1853709,22.33,其他,-14.75,0.02,6.16,-0.77,1
9904,寶成,24.3,14875.833,363579389,5.15,其他,1.06,3.64,2.99,-1.62,1
9905,大華,21.25,72.423,1545821,12.96,其他,-22.09,0.02,1.16,-0.23,1
9906,欣巴巴,38.85,94.593,3690091,11.33,建材營建,11.63,0.04,10.55,-1.77,1
9907,統一實,14.8,1475.663,21918567,15.58,其他,-3.34,0.22,3.9,-1.0,1
9908,大台北,28.95,79.685,2310922,13.79,其他,-56.47,0.02,2.2,0.0,1
9910,豐泰,66.7,2538.458,169542345,13.56,其他,-20.37,1.7,9.13,-1.62,1
9911,櫻花,81.3,360.655,29312457,12.6,其他,3.33,0.29,0.97,-0.12,1
9912,偉聯,13.1,41.237,551310,,電腦及週邊設備業,-21.83,0.01,5.42,2.34,1
9914,美利達,66.4,1860.153,124453163,19.25,其他,-19.46,1.24,17.82,-2.78,1
9917,中保科,106.5,365.93,38766014,15.52,其他,8.47,0.39,1.84,0.47,1
9918,欣天然,42.8,16.353,704952,16.03,其他,100.0,0.01,1.61,-0.93,1
9919,康那香,13.9,208.511,2909397,,其他,100.0,0.03,2.8,0.0,1
9921,巨大,89.1,1440.346,129712145,57.48,其他,-3.49,1.3,10.63,-2.52,1
9924,福興,37.9,105.592,4009475,10.38,其他,-52.09,0.04,2.07,-0.13,1
9925,新保,39.4,840.563,33138595,13.05,其他,-2.38,0.33,1.01,-0.25,1
9926,新海,48.85,10.3,505035,17.14,其他,97.09,0.01,2.3,0.1,1
9927,泰銘,62.1,209.859,13046948,10.44,其他,-8.58,0.13,5.28,-1.27,1
9928,中視,18.0,52.442,945318,,其他,0.0,0.01,3.49,0.0,1
9929,秋雨,11.05,1771.6,19577410,22.55,其他,0.62,0.2,4.33,0.0,1
9930,中聯資源,59.4,111.42,6636745,13.44,其他,-29.62,0.07,7.04,-0.67,1
9931,欣高,33.85,18.626,629770,11.79,其他,21.48,0.01,1.31,0.0,1
9933,中鼎,46.35,23071.356,1091807297,8.55,其他,0.29,10.92,4.92,1.2,1
9934,成霖,9.69,955.114,9325720,38.76,其他,-20.31,0.09,12.7,-1.42,1
9935,慶豐富,18.3,139.558,2560199,7.41,其他,-145.59,0.03,7.11,0.0,1
9937,全國,54.4,21.92,1206548,21.17,其他,68.43,0.01,3.03,0.37,1
9938,百和,37.9,789.057,29998214,11.66,其他,75.14,0.3,8.34,-0.92,1
9939,宏全,126.5,891.636,111577852,11.5,其他,18.58,1.12,4.53,1.61,1
9940,信義,19.9,270.654,5404154,20.31,其他,-6.74,0.05,7.01,-1.0,1
9941,裕融,75.9,1901.757,144152280,10.83,其他,-19.78,1.44,7.89,-1.04,1
9942,茂順,113.0,89.782,10168296,12.38,其他,21.16,0.1,1.74,-0.44,1
9943,好樂迪,50.5,43.838,2211964,12.32,其他,11.41,0.02,2.32,0.0,1
9944,新麗,17.25,35.151,603923,27.82,其他,2.84,0.01,0.86,0.88,1
9945,潤泰新,28.65,5792.753,166720859,5.01,其他,14.93,1.67,5.76,-1.55,1
9946,三發地產,16.7,290.019,4835561,3.58,建材營建,7.93,0.05,8.49,-0.89,1
9955,佳龍,22.9,164.052,3774018,11.99,其他,53.64,0.04,6.53,-0.43,1
9958,世紀鋼,89.8,1235.777,111561264,12.76,其他,-4.29,1.12,4.47,-1.75,1
